course_code,department,year,semester,student_count,faculty_id,day_of_week,start_time,end_time,venue_name
AIML146,AIML,3,6,47,FAC5118,Monday,09:00,10:00,SF B02
TEXTILE494,TEXTILE,2,3,57,FAC5070,Monday,11:15,12:15,SF B02
EEE395,EEE,3,6,46,FAC5063,Monday,12:15,13:15,SF B02
ECE452,ECE,3,6,48,FAC5001,Monday,14:00,15:00,SF B02
EEE482,EEE,4,8,48,FAC5108,Tuesday,10:00,11:00,SF B02
ECE268,ECE,3,6,59,FAC5122,Tuesday,15:00,16:00,SF B02
CSE286,CSE,1,2,37,FAC5035,Tuesday,14:00,15:00,SF B02
TEXTILE477,TEXTILE,2,3,40,FAC5098,Wednesday,11:15,12:15,SF B02
CIVIL478,CIVIL,2,4,41,FAC5063,Wednesday,14:00,15:00,SF B02
CSE314,CSE,4,8,44,FAC5018,Wednesday,15:00,16:00,SF B02
IT491,IT,4,8,38,FAC5047,Thursday,11:15,12:15,SF B02
AIDS310,AIDS,2,3,58,FAC5043,Thursday,12:15,13:15,SF B02
MECH383,MECH,4,7,40,FAC5022,Thursday,10:00,11:00,SF B02
IT428,IT,4,7,40,FAC5081,Thursday,09:00,10:00,SF B02
CSE329,CSE,2,4,38,FAC5078,Friday,14:00,15:00,SF B02
TEXTILE108,TEXTILE,1,2,43,FAC5009,Friday,09:00,10:00,SF B02
IT336,IT,2,4,44,FAC5022,Friday,11:15,12:15,SF B02
ECE256,ECE,1,1,55,FAC5099,Monday,09:00,10:00,WW 223
CSE412,CSE,3,5,52,FAC5132,Monday,11:15,12:15,WW 223
TEXTILE434,TEXTILE,4,7,36,FAC5027,Monday,15:00,16:00,WW 223
ECE380,ECE,2,4,44,FAC5055,Tuesday,14:00,15:00,WW 223
CIVIL351,CIVIL,1,2,46,FAC5037,Tuesday,09:00,10:00,WW 223
CIVIL363,CIVIL,4,7,50,FAC5086,Tuesday,11:15,12:15,WW 223
CSE214,CSE,4,7,60,FAC5094,Wednesday,14:00,15:00,WW 223
ECE312,ECE,2,4,51,FAC5061,Wednesday,12:15,13:15,WW 223
EEE308,EEE,4,8,38,FAC5085,Wednesday,11:15,12:15,WW 223
IT325,IT,4,8,58,FAC5018,Wednesday,09:00,10:00,WW 223
CIVIL205,CIVIL,2,4,47,FAC5002,Thursday,14:00,15:00,WW 223
AIDS287,AIDS,2,4,54,FAC5071,Thursday,09:00,10:00,WW 223
IT185,IT,1,2,48,FAC5017,Thursday,10:00,11:00,WW 223
IT116,IT,3,5,36,FAC5017,Thursday,11:15,12:15,WW 223
CSE113,CSE,2,3,46,FAC5071,Friday,11:15,12:15,WW 223
EEE427,EEE,1,2,60,FAC5064,Friday,15:00,16:00,WW 223
AIML341,AIML,4,8,39,FAC5108,Friday,12:15,13:15,WW 223
IT114,IT,3,6,58,FAC5070,Friday,10:00,11:00,WW 223
ECE196,ECE,2,3,44,FAC5036,Monday,14:00,15:00,ME301
IT485,IT,3,5,55,FAC5083,Monday,11:15,12:15,ME301
IT259,IT,4,8,54,FAC5117,Monday,09:00,10:00,ME301
CSE229,CSE,3,5,60,FAC5089,Monday,10:00,11:00,ME301
AIML233,AIML,1,2,44,FAC5016,Tuesday,15:00,16:00,ME301
ECE375,ECE,1,2,48,FAC5121,Tuesday,12:15,13:15,ME301
CIVIL205,CIVIL,4,8,60,FAC5115,Tuesday,10:00,11:00,ME301
AIML299,AIML,3,6,59,FAC5068,Tuesday,09:00,10:00,ME301
IT495,IT,2,4,51,FAC5096,Wednesday,11:15,12:15,ME301
CSE286,CSE,3,5,46,FAC5004,Wednesday,15:00,16:00,ME301
MECH234,MECH,3,5,36,FAC5112,Wednesday,10:00,11:00,ME301
MECH350,MECH,4,8,47,FAC5124,Thursday,09:00,10:00,ME301
IT208,IT,4,7,39,FAC5031,Thursday,15:00,16:00,ME301
EEE219,EEE,3,6,43,FAC5080,Thursday,14:00,15:00,ME301
IT288,IT,3,6,38,FAC5132,Friday,11:15,12:15,ME301
EEE161,EEE,4,7,47,FAC5082,Friday,09:00,10:00,ME301
IT168,IT,2,3,58,FAC5110,Friday,15:00,16:00,ME301
AIML150,AIML,4,8,47,FAC5015,Friday,14:00,15:00,ME301
ECE450,ECE,4,8,38,FAC5076,Monday,12:15,13:15,EW 101
EEE224,EEE,2,4,54,FAC5065,Monday,11:15,12:15,EW 101
TEXTILE350,TEXTILE,2,4,54,FAC5119,Monday,14:00,15:00,EW 101
ECE139,ECE,1,1,60,FAC5119,Tuesday,10:00,11:00,EW 101
CIVIL110,CIVIL,2,3,37,FAC5099,Tuesday,15:00,16:00,EW 101
TEXTILE386,TEXTILE,2,4,50,FAC5113,Tuesday,11:15,12:15,EW 101
TEXTILE324,TEXTILE,2,4,40,FAC5122,Tuesday,12:15,13:15,EW 101
AIDS105,AIDS,2,4,40,FAC5076,Wednesday,09:00,10:00,EW 101
CIVIL277,CIVIL,2,4,48,FAC5070,Wednesday,12:15,13:15,EW 101
EEE178,EEE,1,2,55,FAC5098,Wednesday,15:00,16:00,EW 101
ECE487,ECE,1,1,54,FAC5098,Wednesday,14:00,15:00,EW 101
AIML367,AIML,4,7,35,FAC5112,Thursday,10:00,11:00,EW 101
IT464,IT,4,8,39,FAC5025,Thursday,11:15,12:15,EW 101
CIVIL128,CIVIL,2,4,48,FAC5023,Thursday,09:00,10:00,EW 101
MECH199,MECH,1,2,59,FAC5034,Thursday,12:15,13:15,EW 101
IT151,IT,4,7,39,FAC5017,Friday,12:15,13:15,EW 101
IT166,IT,2,4,53,FAC5055,Friday,09:00,10:00,EW 101
AIDS493,AIDS,2,4,53,FAC5071,Friday,10:00,11:00,EW 101
CIVIL330,CIVIL,1,1,41,FAC5025,Friday,14:00,15:00,EW 101
IT155,IT,2,4,49,FAC5051,Monday,09:00,10:00,SF 103
ECE417,ECE,2,4,55,FAC5098,Monday,11:15,12:15,SF 103
EEE397,EEE,1,2,49,FAC5041,Monday,10:00,11:00,SF 103
IT340,IT,3,5,50,FAC5011,Monday,14:00,15:00,SF 103
CSE188,CSE,2,3,59,FAC5071,Tuesday,15:00,16:00,SF 103
CIVIL117,CIVIL,4,8,40,FAC5105,Tuesday,09:00,10:00,SF 103
ECE319,ECE,4,7,42,FAC5132,Tuesday,12:15,13:15,SF 103
ECE374,ECE,3,6,36,FAC5048,Wednesday,09:00,10:00,SF 103
EEE144,EEE,1,2,51,FAC5016,Wednesday,11:15,12:15,SF 103
IT129,IT,3,5,57,FAC5132,Wednesday,12:15,13:15,SF 103
CIVIL451,CIVIL,2,4,41,FAC5010,Wednesday,10:00,11:00,SF 103
CIVIL419,CIVIL,2,3,51,FAC5080,Thursday,15:00,16:00,SF 103
MECH426,MECH,4,7,51,FAC5037,Thursday,11:15,12:15,SF 103
AIML334,AIML,2,3,42,FAC5071,Thursday,09:00,10:00,SF 103
IT108,IT,4,8,58,FAC5017,Thursday,14:00,15:00,SF 103
EEE438,EEE,1,1,53,FAC5116,Friday,09:00,10:00,SF 103
AIDS263,AIDS,2,4,46,FAC5117,Friday,12:15,13:15,SF 103
MECH390,MECH,4,8,58,FAC5072,Friday,14:00,15:00,SF 103
AIML181,AIML,3,6,59,FAC5007,Friday,15:00,16:00,SF 103
CIVIL352,CIVIL,1,2,45,FAC5057,Monday,11:15,12:15,WW 004
CSE347,CSE,2,4,42,FAC5092,Monday,12:15,13:15,WW 004
ECE353,ECE,4,7,42,FAC5099,Monday,14:00,15:00,WW 004
ECE465,ECE,3,5,51,FAC5076,Tuesday,09:00,10:00,WW 004
TEXTILE154,TEXTILE,2,4,52,FAC5055,Tuesday,14:00,15:00,WW 004
AIML176,AIML,4,7,37,FAC5105,Tuesday,15:00,16:00,WW 004
CIVIL279,CIVIL,2,3,51,FAC5048,Wednesday,12:15,13:15,WW 004
TEXTILE178,TEXTILE,1,1,58,FAC5011,Wednesday,14:00,15:00,WW 004
CIVIL300,CIVIL,2,4,57,FAC5064,Wednesday,15:00,16:00,WW 004
CIVIL398,CIVIL,3,6,53,FAC5103,Thursday,12:15,13:15,WW 004
TEXTILE118,TEXTILE,1,2,49,FAC5116,Thursday,09:00,10:00,WW 004
MECH121,MECH,2,3,42,FAC5039,Thursday,11:15,12:15,WW 004
ECE353,ECE,4,7,59,FAC5077,Friday,12:15,13:15,WW 004
AIML294,AIML,1,2,45,FAC5058,Friday,10:00,11:00,WW 004
ECE251,ECE,2,3,56,FAC5083,Friday,11:15,12:15,WW 004
AIDS473,AIDS,4,7,53,FAC5109,Friday,09:00,10:00,WW 004
IT178,IT,1,2,41,FAC5005,Monday,14:00,15:00,EW 202
CSE240,CSE,4,8,35,FAC5064,Monday,12:15,13:15,EW 202
EEE334,EEE,4,7,50,FAC5117,Monday,11:15,12:15,EW 202
EEE153,EEE,2,4,43,FAC5020,Monday,15:00,16:00,EW 202
MECH366,MECH,1,2,47,FAC5054,Tuesday,14:00,15:00,EW 202
CSE355,CSE,1,2,40,FAC5100,Tuesday,10:00,11:00,EW 202
ECE161,ECE,1,2,43,FAC5098,Tuesday,11:15,12:15,EW 202
ECE310,ECE,3,5,58,FAC5095,Wednesday,14:00,15:00,EW 202
IT154,IT,1,1,52,FAC5046,Wednesday,11:15,12:15,EW 202
CSE453,CSE,3,6,57,FAC5012,Wednesday,12:15,13:15,EW 202
TEXTILE238,TEXTILE,4,7,42,FAC5113,Thursday,15:00,16:00,EW 202
AIDS344,AIDS,2,4,40,FAC5085,Thursday,12:15,13:15,EW 202
TEXTILE139,TEXTILE,2,4,39,FAC5116,Thursday,11:15,12:15,EW 202
EEE491,EEE,3,6,35,FAC5120,Friday,10:00,11:00,EW 202
CSE145,CSE,3,5,43,FAC5133,Friday,12:15,13:15,EW 202
CIVIL158,CIVIL,2,3,51,FAC5118,Friday,15:00,16:00,EW 202
CIVIL302,CIVIL,1,2,43,FAC5030,Monday,10:00,11:00,EW 207
TEXTILE452,TEXTILE,2,3,45,FAC5024,Monday,12:15,13:15,EW 207
ECE184,ECE,2,4,39,FAC5116,Monday,15:00,16:00,EW 207
EEE170,EEE,1,1,46,FAC5047,Tuesday,09:00,10:00,EW 207
AIML292,AIML,3,6,37,FAC5109,Tuesday,15:00,16:00,EW 207
CIVIL109,CIVIL,1,2,44,FAC5035,Tuesday,12:15,13:15,EW 207
TEXTILE492,TEXTILE,4,7,37,FAC5093,Tuesday,10:00,11:00,EW 207
TEXTILE412,TEXTILE,3,6,58,FAC5080,Wednesday,11:15,12:15,EW 207
EEE302,EEE,1,2,46,FAC5059,Wednesday,09:00,10:00,EW 207
EEE307,EEE,1,1,42,FAC5033,Wednesday,15:00,16:00,EW 207
AIDS353,AIDS,3,6,56,FAC5078,Wednesday,12:15,13:15,EW 207
CSE184,CSE,1,1,57,FAC5100,Thursday,15:00,16:00,EW 207
TEXTILE267,TEXTILE,1,2,49,FAC5109,Thursday,14:00,15:00,EW 207
CIVIL220,CIVIL,3,5,38,FAC5087,Thursday,12:15,13:15,EW 207
CIVIL286,CIVIL,4,8,40,FAC5086,Friday,14:00,15:00,EW 207
ECE454,ECE,1,2,36,FAC5029,Friday,15:00,16:00,EW 207
CSE473,CSE,2,4,43,FAC5095,Friday,09:00,10:00,EW 207
TEXTILE342,TEXTILE,4,8,58,FAC5022,Friday,10:00,11:00,EW 207
EEE380,EEE,1,1,42,FAC5039,Monday,14:00,15:00,EW 115
ECE318,ECE,4,8,47,FAC5035,Monday,10:00,11:00,EW 115
CIVIL208,CIVIL,3,6,55,FAC5095,Monday,15:00,16:00,EW 115
TEXTILE193,TEXTILE,1,1,47,FAC5054,Tuesday,10:00,11:00,EW 115
AIDS226,AIDS,4,7,35,FAC5048,Tuesday,14:00,15:00,EW 115
EEE437,EEE,1,2,44,FAC5047,Tuesday,09:00,10:00,EW 115
IT322,IT,4,7,54,FAC5066,Tuesday,12:15,13:15,EW 115
TEXTILE463,TEXTILE,3,5,37,FAC5134,Wednesday,11:15,12:15,EW 115
ECE101,ECE,4,8,38,FAC5038,Wednesday,09:00,10:00,EW 115
ECE229,ECE,3,5,48,FAC5064,Wednesday,10:00,11:00,EW 115
CSE439,CSE,2,3,48,FAC5011,Thursday,11:15,12:15,EW 115
ECE314,ECE,4,7,36,FAC5084,Thursday,14:00,15:00,EW 115
EEE347,EEE,3,5,55,FAC5081,Thursday,15:00,16:00,EW 115
EEE353,EEE,2,3,42,FAC5090,Thursday,10:00,11:00,EW 115
AIML134,AIML,3,6,49,FAC5038,Friday,15:00,16:00,EW 115
ECE464,ECE,4,7,56,FAC5125,Friday,14:00,15:00,EW 115
IT211,IT,2,3,38,FAC5087,Friday,12:15,13:15,EW 115
MECH388,MECH,3,6,49,FAC5046,Monday,15:00,16:00,WW 103
IT198,IT,1,1,37,FAC5102,Monday,12:15,13:15,WW 103
CIVIL453,CIVIL,1,2,49,FAC5130,Monday,10:00,11:00,WW 103
EEE421,EEE,2,4,40,FAC5077,Tuesday,12:15,13:15,WW 103
IT355,IT,4,7,51,FAC5112,Tuesday,10:00,11:00,WW 103
MECH254,MECH,3,5,43,FAC5090,Tuesday,11:15,12:15,WW 103
IT398,IT,2,4,36,FAC5001,Wednesday,10:00,11:00,WW 103
CSE176,CSE,1,1,52,FAC5015,Wednesday,15:00,16:00,WW 103
IT433,IT,4,8,39,FAC5006,Wednesday,09:00,10:00,WW 103
MECH218,MECH,1,2,36,FAC5129,Wednesday,14:00,15:00,WW 103
CSE161,CSE,1,2,37,FAC5128,Thursday,14:00,15:00,WW 103
AIDS287,AIDS,3,6,39,FAC5042,Thursday,12:15,13:15,WW 103
MECH308,MECH,2,4,55,FAC5009,Thursday,09:00,10:00,WW 103
EEE318,EEE,1,1,58,FAC5126,Friday,12:15,13:15,WW 103
EEE245,EEE,4,7,51,FAC5015,Friday,10:00,11:00,WW 103
TEXTILE439,TEXTILE,3,5,36,FAC5044,Friday,14:00,15:00,WW 103
TEXTILE174,TEXTILE,1,1,41,FAC5116,Friday,11:15,12:15,WW 103
TEXTILE385,TEXTILE,2,3,40,FAC5056,Monday,14:00,15:00,ME303
TEXTILE167,TEXTILE,1,1,54,FAC5122,Monday,10:00,11:00,ME303
CIVIL429,CIVIL,3,6,56,FAC5027,Monday,11:15,12:15,ME303
AIDS381,AIDS,2,3,49,FAC5003,Tuesday,15:00,16:00,ME303
AIML469,AIML,3,5,40,FAC5074,Tuesday,12:15,13:15,ME303
AIML471,AIML,2,3,57,FAC5097,Tuesday,10:00,11:00,ME303
CSE314,CSE,3,5,52,FAC5002,Tuesday,11:15,12:15,ME303
ECE421,ECE,4,7,55,FAC5073,Wednesday,12:15,13:15,ME303
MECH400,MECH,2,4,59,FAC5096,Wednesday,10:00,11:00,ME303
ECE105,ECE,3,5,36,FAC5061,Wednesday,15:00,16:00,ME303
CIVIL414,CIVIL,1,1,42,FAC5072,Wednesday,09:00,10:00,ME303
ECE394,ECE,2,3,58,FAC5074,Thursday,14:00,15:00,ME303
CIVIL143,CIVIL,4,7,56,FAC5029,Thursday,10:00,11:00,ME303
EEE425,EEE,4,8,39,FAC5019,Thursday,15:00,16:00,ME303
IT207,IT,4,7,59,FAC5079,Thursday,12:15,13:15,ME303
ECE320,ECE,4,8,45,FAC5025,Friday,15:00,16:00,ME303
CIVIL262,CIVIL,3,5,48,FAC5050,Friday,12:15,13:15,ME303
AIML487,AIML,2,4,44,FAC5045,Friday,11:15,12:15,ME303
AIDS431,AIDS,3,5,47,FAC5083,Monday,10:00,11:00,WW 105
AIDS354,AIDS,4,7,60,FAC5071,Monday,15:00,16:00,WW 105
IT301,IT,3,6,45,FAC5079,Monday,12:15,13:15,WW 105
TEXTILE476,TEXTILE,1,2,52,FAC5097,Tuesday,11:15,12:15,WW 105
EEE273,EEE,1,2,50,FAC5008,Tuesday,15:00,16:00,WW 105
MECH447,MECH,2,3,38,FAC5024,Tuesday,12:15,13:15,WW 105
CSE460,CSE,2,4,39,FAC5085,Wednesday,11:15,12:15,WW 105
EEE493,EEE,3,6,39,FAC5050,Wednesday,14:00,15:00,WW 105
IT234,IT,3,5,56,FAC5084,Wednesday,10:00,11:00,WW 105
MECH115,MECH,4,7,39,FAC5042,Thursday,09:00,10:00,WW 105
CSE426,CSE,2,4,47,FAC5103,Thursday,12:15,13:15,WW 105
IT446,IT,3,5,50,FAC5099,Thursday,14:00,15:00,WW 105
ECE189,ECE,1,1,60,FAC5019,Friday,10:00,11:00,WW 105
AIML174,AIML,1,2,48,FAC5087,Friday,11:15,12:15,WW 105
AIDS263,AIDS,3,5,40,FAC5032,Friday,09:00,10:00,WW 105
AIML272,AIML,4,8,53,FAC5072,Friday,15:00,16:00,WW 105
AIML209,AIML,1,1,52,FAC5123,Monday,10:00,11:00,WW 217
CIVIL267,CIVIL,3,6,51,FAC5094,Monday,09:00,10:00,WW 217
MECH144,MECH,2,3,55,FAC5004,Monday,15:00,16:00,WW 217
TEXTILE164,TEXTILE,1,1,37,FAC5086,Tuesday,11:15,12:15,WW 217
TEXTILE402,TEXTILE,4,8,60,FAC5016,Tuesday,14:00,15:00,WW 217
AIDS396,AIDS,1,2,50,FAC5067,Tuesday,15:00,16:00,WW 217
IT387,IT,1,1,41,FAC5114,Wednesday,12:15,13:15,WW 217
IT296,IT,3,5,50,FAC5097,Wednesday,14:00,15:00,WW 217
EEE192,EEE,4,7,44,FAC5075,Wednesday,11:15,12:15,WW 217
EEE103,EEE,4,7,54,FAC5070,Wednesday,15:00,16:00,WW 217
CIVIL214,CIVIL,1,1,55,FAC5132,Thursday,09:00,10:00,WW 217
ECE274,ECE,2,3,49,FAC5058,Thursday,15:00,16:00,WW 217
ECE173,ECE,1,1,44,FAC5066,Thursday,12:15,13:15,WW 217
AIDS247,AIDS,4,8,58,FAC5005,Friday,14:00,15:00,WW 217
ECE345,ECE,3,5,42,FAC5058,Friday,12:15,13:15,WW 217
AIML108,AIML,3,5,60,FAC5053,Friday,15:00,16:00,WW 217
EEE400,EEE,1,2,54,FAC5132,Monday,09:00,10:00,WW 216
AIML439,AIML,2,4,57,FAC5066,Monday,11:15,12:15,WW 216
MECH343,MECH,2,4,42,FAC5030,Monday,10:00,11:00,WW 216
ECE133,ECE,1,2,57,FAC5004,Monday,15:00,16:00,WW 216
AIML438,AIML,1,2,49,FAC5078,Tuesday,09:00,10:00,WW 216
AIML237,AIML,2,3,60,FAC5054,Tuesday,11:15,12:15,WW 216
MECH108,MECH,4,8,44,FAC5123,Tuesday,15:00,16:00,WW 216
EEE432,EEE,2,4,41,FAC5029,Tuesday,10:00,11:00,WW 216
TEXTILE467,TEXTILE,4,7,45,FAC5126,Wednesday,11:15,12:15,WW 216
IT488,IT,1,2,41,FAC5007,Wednesday,14:00,15:00,WW 216
IT235,IT,4,7,45,FAC5103,Wednesday,15:00,16:00,WW 216
AIDS307,AIDS,2,4,58,FAC5089,Thursday,12:15,13:15,WW 216
AIML495,AIML,3,6,57,FAC5003,Thursday,11:15,12:15,WW 216
CIVIL287,CIVIL,3,6,42,FAC5085,Thursday,09:00,10:00,WW 216
CSE445,CSE,3,6,37,FAC5072,Thursday,10:00,11:00,WW 216
MECH441,MECH,1,1,43,FAC5007,Friday,11:15,12:15,WW 216
AIDS150,AIDS,1,1,58,FAC5003,Friday,14:00,15:00,WW 216
CIVIL218,CIVIL,1,1,50,FAC5044,Friday,15:00,16:00,WW 216
CSE144,CSE,2,4,46,FAC5065,Friday,10:00,11:00,WW 216
AIDS225,AIDS,3,6,36,FAC5084,Monday,09:00,10:00,WW 224
MECH389,MECH,2,4,48,FAC5078,Monday,12:15,13:15,WW 224
IT279,IT,4,7,58,FAC5066,Monday,15:00,16:00,WW 224
CSE167,CSE,4,8,42,FAC5059,Monday,14:00,15:00,WW 224
TEXTILE489,TEXTILE,2,3,46,FAC5073,Tuesday,10:00,11:00,WW 224
IT349,IT,4,7,41,FAC5012,Tuesday,09:00,10:00,WW 224
CSE404,CSE,2,4,44,FAC5026,Tuesday,11:15,12:15,WW 224
TEXTILE342,TEXTILE,2,4,45,FAC5093,Wednesday,14:00,15:00,WW 224
AIML499,AIML,4,7,54,FAC5090,Wednesday,11:15,12:15,WW 224
EEE423,EEE,1,2,60,FAC5016,Wednesday,09:00,10:00,WW 224
CSE426,CSE,3,6,35,FAC5095,Wednesday,15:00,16:00,WW 224
EEE328,EEE,1,1,50,FAC5117,Thursday,11:15,12:15,WW 224
IT144,IT,3,5,39,FAC5107,Thursday,14:00,15:00,WW 224
EEE214,EEE,2,3,44,FAC5112,Thursday,15:00,16:00,WW 224
EEE446,EEE,2,3,50,FAC5049,Thursday,09:00,10:00,WW 224
MECH332,MECH,4,7,50,FAC5036,Friday,10:00,11:00,WW 224
AIDS234,AIDS,1,1,42,FAC5070,Friday,12:15,13:15,WW 224
EEE110,EEE,4,8,48,FAC5115,Friday,15:00,16:00,WW 224
EEE217,EEE,3,5,47,FAC5082,Friday,14:00,15:00,WW 224
CIVIL334,CIVIL,3,6,41,FAC5128,Monday,12:15,13:15,WW 005
ECE254,ECE,4,7,46,FAC5104,Monday,10:00,11:00,WW 005
TEXTILE494,TEXTILE,1,1,49,FAC5045,Monday,14:00,15:00,WW 005
CIVIL333,CIVIL,4,7,37,FAC5105,Tuesday,09:00,10:00,WW 005
TEXTILE419,TEXTILE,3,6,49,FAC5080,Tuesday,14:00,15:00,WW 005
AIDS170,AIDS,1,1,39,FAC5010,Tuesday,10:00,11:00,WW 005
IT285,IT,4,8,39,FAC5095,Wednesday,15:00,16:00,WW 005
IT232,IT,3,6,46,FAC5083,Wednesday,10:00,11:00,WW 005
MECH207,MECH,3,5,51,FAC5017,Wednesday,12:15,13:15,WW 005
TEXTILE128,TEXTILE,4,7,47,FAC5046,Wednesday,11:15,12:15,WW 005
CSE193,CSE,1,1,37,FAC5112,Thursday,10:00,11:00,WW 005
CIVIL146,CIVIL,2,4,56,FAC5073,Thursday,11:15,12:15,WW 005
CSE496,CSE,2,4,59,FAC5012,Thursday,14:00,15:00,WW 005
CIVIL447,CIVIL,3,6,45,FAC5003,Thursday,15:00,16:00,WW 005
AIML147,AIML,2,3,43,FAC5062,Friday,15:00,16:00,WW 005
IT323,IT,1,1,36,FAC5073,Friday,11:15,12:15,WW 005
CIVIL117,CIVIL,2,4,46,FAC5091,Friday,10:00,11:00,WW 005
AIDS453,AIDS,2,3,38,FAC5013,Monday,10:00,11:00,ME102
AIDS142,AIDS,2,4,38,FAC5001,Monday,15:00,16:00,ME102
EEE157,EEE,4,8,59,FAC5078,Monday,09:00,10:00,ME102
IT193,IT,1,2,42,FAC5104,Monday,12:15,13:15,ME102
EEE331,EEE,4,7,51,FAC5044,Tuesday,12:15,13:15,ME102
CIVIL304,CIVIL,1,2,38,FAC5063,Tuesday,11:15,12:15,ME102
TEXTILE181,TEXTILE,2,4,49,FAC5105,Tuesday,15:00,16:00,ME102
AIDS464,AIDS,2,4,38,FAC5035,Wednesday,14:00,15:00,ME102
CIVIL359,CIVIL,3,6,46,FAC5023,Wednesday,12:15,13:15,ME102
CSE439,CSE,4,7,38,FAC5130,Wednesday,11:15,12:15,ME102
AIDS106,AIDS,4,8,36,FAC5059,Thursday,09:00,10:00,ME102
MECH389,MECH,3,5,51,FAC5003,Thursday,15:00,16:00,ME102
IT258,IT,2,3,45,FAC5135,Thursday,10:00,11:00,ME102
IT442,IT,1,1,46,FAC5100,Thursday,11:15,12:15,ME102
CSE179,CSE,1,1,55,FAC5051,Friday,15:00,16:00,ME102
IT136,IT,2,4,46,FAC5088,Friday,10:00,11:00,ME102
AIDS432,AIDS,4,8,41,FAC5102,Friday,09:00,10:00,ME102
EEE317,EEE,3,6,53,FAC5005,Friday,11:15,12:15,ME102
EEE123,EEE,1,1,37,FAC5135,Monday,14:00,15:00,WW 208
EEE499,EEE,1,1,43,FAC5007,Monday,12:15,13:15,WW 208
IT153,IT,4,7,35,FAC5048,Monday,11:15,12:15,WW 208
AIML376,AIML,3,5,46,FAC5112,Tuesday,11:15,12:15,WW 208
CIVIL297,CIVIL,3,6,47,FAC5101,Tuesday,14:00,15:00,WW 208
CIVIL209,CIVIL,4,8,60,FAC5109,Tuesday,10:00,11:00,WW 208
TEXTILE288,TEXTILE,4,8,55,FAC5012,Tuesday,09:00,10:00,WW 208
MECH246,MECH,2,3,59,FAC5029,Wednesday,11:15,12:15,WW 208
IT122,IT,3,5,51,FAC5027,Wednesday,15:00,16:00,WW 208
AIDS146,AIDS,4,7,53,FAC5049,Wednesday,09:00,10:00,WW 208
ECE386,ECE,4,7,38,FAC5073,Wednesday,10:00,11:00,WW 208
AIDS468,AIDS,2,3,57,FAC5001,Thursday,10:00,11:00,WW 208
IT354,IT,1,2,56,FAC5055,Thursday,09:00,10:00,WW 208
AIML215,AIML,4,8,44,FAC5061,Thursday,11:15,12:15,WW 208
ECE245,ECE,3,5,51,FAC5056,Friday,09:00,10:00,WW 208
ECE179,ECE,2,3,39,FAC5103,Friday,10:00,11:00,WW 208
EEE466,EEE,1,1,48,FAC5115,Friday,11:15,12:15,WW 208
TEXTILE464,TEXTILE,4,7,40,FAC5086,Friday,12:15,13:15,WW 208
AIDS355,AIDS,1,2,42,FAC5059,Monday,09:00,10:00,EW 209
CSE398,CSE,2,3,38,FAC5081,Monday,15:00,16:00,EW 209
IT393,IT,4,7,54,FAC5104,Monday,14:00,15:00,EW 209
MECH408,MECH,3,6,47,FAC5083,Tuesday,12:15,13:15,EW 209
TEXTILE167,TEXTILE,2,4,43,FAC5083,Tuesday,14:00,15:00,EW 209
CIVIL406,CIVIL,1,2,47,FAC5040,Tuesday,09:00,10:00,EW 209
TEXTILE390,TEXTILE,1,2,56,FAC5026,Tuesday,15:00,16:00,EW 209
IT430,IT,4,8,53,FAC5024,Wednesday,11:15,12:15,EW 209
ECE154,ECE,1,1,46,FAC5084,Wednesday,14:00,15:00,EW 209
AIDS228,AIDS,3,6,57,FAC5033,Wednesday,10:00,11:00,EW 209
MECH250,MECH,1,2,54,FAC5085,Thursday,12:15,13:15,EW 209
AIDS377,AIDS,4,8,35,FAC5010,Thursday,09:00,10:00,EW 209
CIVIL100,CIVIL,2,3,55,FAC5085,Thursday,10:00,11:00,EW 209
CIVIL310,CIVIL,3,6,54,FAC5009,Friday,10:00,11:00,EW 209
ECE154,ECE,4,7,41,FAC5092,Friday,12:15,13:15,EW 209
MECH111,MECH,1,1,48,FAC5032,Friday,15:00,16:00,EW 209
CIVIL325,CIVIL,3,6,40,FAC5071,Friday,11:15,12:15,EW 209
ECE332,ECE,2,3,57,FAC5076,Monday,11:15,12:15,WW 007
CSE318,CSE,3,5,49,FAC5040,Monday,10:00,11:00,WW 007
MECH393,MECH,3,6,54,FAC5002,Monday,14:00,15:00,WW 007
CSE258,CSE,1,1,59,FAC5001,Monday,12:15,13:15,WW 007
ECE390,ECE,1,1,48,FAC5075,Tuesday,11:15,12:15,WW 007
AIML288,AIML,2,4,57,FAC5121,Tuesday,14:00,15:00,WW 007
ECE269,ECE,1,2,49,FAC5048,Tuesday,10:00,11:00,WW 007
AIML439,AIML,3,6,53,FAC5068,Tuesday,12:15,13:15,WW 007
EEE182,EEE,2,3,36,FAC5097,Wednesday,09:00,10:00,WW 007
AIML454,AIML,3,5,43,FAC5095,Wednesday,10:00,11:00,WW 007
CSE400,CSE,3,6,49,FAC5025,Wednesday,14:00,15:00,WW 007
CSE375,CSE,2,3,49,FAC5021,Thursday,09:00,10:00,WW 007
TEXTILE474,TEXTILE,1,2,56,FAC5042,Thursday,11:15,12:15,WW 007
ECE214,ECE,2,3,51,FAC5115,Thursday,10:00,11:00,WW 007
AIDS240,AIDS,2,3,42,FAC5050,Thursday,12:15,13:15,WW 007
TEXTILE426,TEXTILE,1,1,51,FAC5038,Friday,11:15,12:15,WW 007
CIVIL255,CIVIL,3,5,40,FAC5003,Friday,12:15,13:15,WW 007
AIDS303,AIDS,3,6,42,FAC5032,Friday,14:00,15:00,WW 007
ECE480,ECE,1,1,54,FAC5030,Friday,10:00,11:00,WW 007
CIVIL134,CIVIL,1,1,42,FAC5119,Monday,10:00,11:00,SF B01
CSE330,CSE,2,4,37,FAC5008,Monday,15:00,16:00,SF B01
CIVIL379,CIVIL,2,4,47,FAC5051,Monday,12:15,13:15,SF B01
AIDS133,AIDS,1,1,59,FAC5034,Monday,14:00,15:00,SF B01
MECH217,MECH,4,8,49,FAC5070,Tuesday,09:00,10:00,SF B01
TEXTILE222,TEXTILE,1,1,60,FAC5011,Tuesday,10:00,11:00,SF B01
IT399,IT,4,8,51,FAC5066,Tuesday,11:15,12:15,SF B01
CIVIL312,CIVIL,1,2,38,FAC5129,Tuesday,15:00,16:00,SF B01
CSE481,CSE,2,3,41,FAC5069,Wednesday,09:00,10:00,SF B01
CSE127,CSE,2,4,42,FAC5116,Wednesday,10:00,11:00,SF B01
CSE411,CSE,1,1,56,FAC5061,Wednesday,15:00,16:00,SF B01
MECH354,MECH,4,7,50,FAC5051,Wednesday,14:00,15:00,SF B01
AIML137,AIML,2,4,46,FAC5099,Thursday,09:00,10:00,SF B01
TEXTILE259,TEXTILE,3,6,41,FAC5057,Thursday,14:00,15:00,SF B01
EEE374,EEE,4,8,51,FAC5025,Thursday,10:00,11:00,SF B01
CIVIL478,CIVIL,3,6,35,FAC5038,Friday,15:00,16:00,SF B01
EEE295,EEE,3,5,50,FAC5023,Friday,10:00,11:00,SF B01
ECE198,ECE,4,7,40,FAC5056,Friday,14:00,15:00,SF B01
AIDS327,AIDS,4,7,38,FAC5111,Friday,12:15,13:15,SF B01
CSE161,CSE,1,1,47,FAC5021,Monday,12:15,13:15,WW 011
CSE338,CSE,3,5,48,FAC5054,Monday,09:00,10:00,WW 011
EEE151,EEE,3,5,58,FAC5045,Monday,15:00,16:00,WW 011
TEXTILE414,TEXTILE,3,5,37,FAC5029,Tuesday,15:00,16:00,WW 011
ECE122,ECE,2,4,55,FAC5010,Tuesday,11:15,12:15,WW 011
TEXTILE117,TEXTILE,3,6,57,FAC5018,Tuesday,10:00,11:00,WW 011
CIVIL435,CIVIL,1,2,53,FAC5048,Wednesday,12:15,13:15,WW 011
AIDS188,AIDS,1,2,57,FAC5006,Wednesday,14:00,15:00,WW 011
AIDS187,AIDS,4,7,58,FAC5032,Wednesday,15:00,16:00,WW 011
AIDS456,AIDS,3,6,43,FAC5073,Thursday,10:00,11:00,WW 011
CSE184,CSE,4,7,44,FAC5127,Thursday,09:00,10:00,WW 011
IT402,IT,2,3,53,FAC5126,Thursday,11:15,12:15,WW 011
EEE298,EEE,2,3,59,FAC5013,Friday,10:00,11:00,WW 011
CIVIL465,CIVIL,2,3,52,FAC5028,Friday,09:00,10:00,WW 011
MECH331,MECH,4,8,55,FAC5118,Friday,11:15,12:15,WW 011
CIVIL137,CIVIL,4,7,57,FAC5083,Friday,14:00,15:00,WW 011
CSE351,CSE,1,2,53,FAC5048,Monday,11:15,12:15,ME107
MECH132,MECH,4,8,42,FAC5031,Monday,14:00,15:00,ME107
MECH181,MECH,4,7,55,FAC5057,Monday,15:00,16:00,ME107
AIML123,AIML,3,5,48,FAC5066,Tuesday,10:00,11:00,ME107
CSE460,CSE,3,5,58,FAC5092,Tuesday,09:00,10:00,ME107
TEXTILE338,TEXTILE,4,8,35,FAC5109,Tuesday,11:15,12:15,ME107
EEE175,EEE,4,7,52,FAC5089,Tuesday,12:15,13:15,ME107
AIDS163,AIDS,4,8,41,FAC5130,Wednesday,14:00,15:00,ME107
TEXTILE240,TEXTILE,1,2,54,FAC5062,Wednesday,11:15,12:15,ME107
CIVIL140,CIVIL,2,4,60,FAC5028,Wednesday,10:00,11:00,ME107
ECE156,ECE,1,1,54,FAC5065,Wednesday,09:00,10:00,ME107
EEE397,EEE,2,3,47,FAC5112,Thursday,15:00,16:00,ME107
EEE261,EEE,2,3,50,FAC5110,Thursday,14:00,15:00,ME107
TEXTILE398,TEXTILE,3,6,39,FAC5078,Thursday,11:15,12:15,ME107
AIDS409,AIDS,3,5,59,FAC5109,Thursday,10:00,11:00,ME107
MECH330,MECH,1,2,49,FAC5061,Friday,12:15,13:15,ME107
EEE485,EEE,3,6,45,FAC5125,Friday,14:00,15:00,ME107
MECH213,MECH,3,5,41,FAC5035,Friday,09:00,10:00,ME107
TEXTILE156,TEXTILE,1,1,60,FAC5012,Monday,10:00,11:00,WW 110
CSE318,CSE,2,3,40,FAC5013,Monday,15:00,16:00,WW 110
IT281,IT,3,5,46,FAC5020,Monday,11:15,12:15,WW 110
AIDS330,AIDS,1,1,49,FAC5020,Monday,14:00,15:00,WW 110
MECH123,MECH,2,3,59,FAC5101,Tuesday,10:00,11:00,WW 110
AIML490,AIML,3,5,38,FAC5036,Tuesday,15:00,16:00,WW 110
AIML396,AIML,3,6,47,FAC5113,Tuesday,12:15,13:15,WW 110
CSE119,CSE,2,3,57,FAC5068,Tuesday,14:00,15:00,WW 110
TEXTILE297,TEXTILE,1,2,38,FAC5103,Wednesday,10:00,11:00,WW 110
EEE394,EEE,2,4,56,FAC5130,Wednesday,14:00,15:00,WW 110
MECH257,MECH,2,3,35,FAC5106,Wednesday,12:15,13:15,WW 110
ECE338,ECE,2,3,56,FAC5004,Thursday,14:00,15:00,WW 110
MECH293,MECH,1,1,46,FAC5025,Thursday,15:00,16:00,WW 110
EEE343,EEE,3,6,56,FAC5101,Thursday,10:00,11:00,WW 110
AIML431,AIML,4,8,53,FAC5063,Friday,11:15,12:15,WW 110
MECH181,MECH,4,8,53,FAC5109,Friday,15:00,16:00,WW 110
CIVIL300,CIVIL,4,8,48,FAC5101,Friday,12:15,13:15,WW 110
AIDS296,AIDS,2,4,49,FAC5091,Monday,11:15,12:15,SF B03
AIDS224,AIDS,3,6,57,FAC5049,Monday,09:00,10:00,SF B03
AIML242,AIML,2,3,53,FAC5067,Monday,10:00,11:00,SF B03
ECE213,ECE,1,2,42,FAC5064,Monday,12:15,13:15,SF B03
AIML306,AIML,4,8,56,FAC5070,Tuesday,10:00,11:00,SF B03
AIDS303,AIDS,2,3,60,FAC5104,Tuesday,12:15,13:15,SF B03
MECH360,MECH,4,7,42,FAC5003,Tuesday,11:15,12:15,SF B03
IT233,IT,2,4,46,FAC5020,Wednesday,15:00,16:00,SF B03
ECE376,ECE,4,8,51,FAC5096,Wednesday,12:15,13:15,SF B03
CSE463,CSE,1,1,37,FAC5118,Wednesday,09:00,10:00,SF B03
CSE318,CSE,3,5,54,FAC5133,Thursday,10:00,11:00,SF B03
EEE104,EEE,2,3,42,FAC5123,Thursday,09:00,10:00,SF B03
MECH281,MECH,3,6,46,FAC5035,Thursday,15:00,16:00,SF B03
ECE161,ECE,2,3,46,FAC5112,Friday,10:00,11:00,SF B03
AIDS455,AIDS,3,6,42,FAC5104,Friday,09:00,10:00,SF B03
ECE204,ECE,2,3,54,FAC5066,Friday,11:15,12:15,SF B03
TEXTILE345,TEXTILE,2,4,47,FAC5112,Friday,15:00,16:00,SF B03
EEE165,EEE,4,7,37,FAC5083,Monday,11:15,12:15,WW 204
CIVIL357,CIVIL,2,4,55,FAC5035,Monday,14:00,15:00,WW 204
TEXTILE422,TEXTILE,1,2,54,FAC5121,Monday,10:00,11:00,WW 204
ECE489,ECE,2,3,56,FAC5062,Monday,09:00,10:00,WW 204
CSE310,CSE,1,1,41,FAC5076,Tuesday,11:15,12:15,WW 204
IT425,IT,1,1,38,FAC5027,Tuesday,12:15,13:15,WW 204
TEXTILE260,TEXTILE,2,3,55,FAC5042,Tuesday,14:00,15:00,WW 204
MECH408,MECH,1,1,36,FAC5007,Tuesday,10:00,11:00,WW 204
TEXTILE436,TEXTILE,3,6,43,FAC5118,Wednesday,11:15,12:15,WW 204
IT253,IT,4,7,47,FAC5008,Wednesday,12:15,13:15,WW 204
AIDS453,AIDS,1,2,51,FAC5079,Wednesday,14:00,15:00,WW 204
CSE230,CSE,2,4,57,FAC5133,Wednesday,09:00,10:00,WW 204
AIDS388,AIDS,1,2,56,FAC5083,Thursday,11:15,12:15,WW 204
CIVIL192,CIVIL,4,7,60,FAC5108,Thursday,14:00,15:00,WW 204
TEXTILE242,TEXTILE,4,7,43,FAC5080,Thursday,10:00,11:00,WW 204
ECE264,ECE,2,4,45,FAC5097,Thursday,12:15,13:15,WW 204
EEE373,EEE,3,5,59,FAC5078,Friday,09:00,10:00,WW 204
AIDS327,AIDS,4,7,37,FAC5037,Friday,10:00,11:00,WW 204
ECE337,ECE,3,5,54,FAC5025,Friday,11:15,12:15,WW 204
TEXTILE218,TEXTILE,3,5,42,FAC5130,Friday,14:00,15:00,WW 204
CIVIL418,CIVIL,3,5,50,FAC5011,Monday,09:00,10:00,WW 106
EEE181,EEE,3,5,55,FAC5117,Monday,10:00,11:00,WW 106
CIVIL323,CIVIL,3,6,51,FAC5117,Monday,14:00,15:00,WW 106
CIVIL242,CIVIL,3,6,56,FAC5056,Tuesday,14:00,15:00,WW 106
AIDS144,AIDS,4,8,47,FAC5122,Tuesday,10:00,11:00,WW 106
AIML367,AIML,3,6,43,FAC5019,Tuesday,11:15,12:15,WW 106
EEE330,EEE,1,1,39,FAC5029,Tuesday,15:00,16:00,WW 106
IT369,IT,2,4,35,FAC5056,Wednesday,15:00,16:00,WW 106
IT391,IT,4,8,45,FAC5078,Wednesday,10:00,11:00,WW 106
AIML315,AIML,1,2,51,FAC5043,Wednesday,12:15,13:15,WW 106
CSE286,CSE,2,4,58,FAC5051,Wednesday,11:15,12:15,WW 106
AIDS201,AIDS,1,2,37,FAC5013,Thursday,10:00,11:00,WW 106
AIML274,AIML,1,2,51,FAC5021,Thursday,15:00,16:00,WW 106
AIML120,AIML,4,8,37,FAC5017,Thursday,09:00,10:00,WW 106
MECH479,MECH,2,3,42,FAC5043,Friday,15:00,16:00,WW 106
ECE462,ECE,3,6,55,FAC5134,Friday,09:00,10:00,WW 106
TEXTILE264,TEXTILE,1,1,45,FAC5088,Friday,10:00,11:00,WW 106
AIML464,AIML,4,7,47,FAC5131,Friday,12:15,13:15,WW 106
IT487,IT,3,6,53,FAC5120,Monday,14:00,15:00,MH306
CIVIL356,CIVIL,2,3,39,FAC5050,Monday,11:15,12:15,MH306
AIML222,AIML,4,7,50,FAC5044,Monday,12:15,13:15,MH306
TEXTILE104,TEXTILE,3,6,45,FAC5076,Monday,09:00,10:00,MH306
CIVIL396,CIVIL,3,6,39,FAC5051,Tuesday,10:00,11:00,MH306
IT230,IT,1,1,35,FAC5069,Tuesday,15:00,16:00,MH306
AIML430,AIML,1,2,43,FAC5010,Tuesday,12:15,13:15,MH306
AIML432,AIML,3,6,48,FAC5029,Wednesday,11:15,12:15,MH306
IT111,IT,2,3,54,FAC5036,Wednesday,15:00,16:00,MH306
IT468,IT,1,1,45,FAC5044,Wednesday,10:00,11:00,MH306
IT258,IT,3,5,40,FAC5134,Wednesday,09:00,10:00,MH306
MECH222,MECH,1,2,53,FAC5009,Thursday,12:15,13:15,MH306
AIML380,AIML,4,7,50,FAC5055,Thursday,15:00,16:00,MH306
IT160,IT,1,1,41,FAC5090,Thursday,11:15,12:15,MH306
TEXTILE164,TEXTILE,3,5,56,FAC5037,Thursday,14:00,15:00,MH306
IT226,IT,4,7,47,FAC5051,Friday,09:00,10:00,MH306
EEE219,EEE,1,2,40,FAC5030,Friday,10:00,11:00,MH306
ECE385,ECE,2,3,35,FAC5079,Friday,12:15,13:15,MH306
CIVIL146,CIVIL,3,6,48,FAC5081,Monday,14:00,15:00,ME305
IT159,IT,1,1,50,FAC5081,Monday,15:00,16:00,ME305
AIML395,AIML,3,5,46,FAC5120,Monday,09:00,10:00,ME305
CIVIL156,CIVIL,2,3,46,FAC5033,Monday,12:15,13:15,ME305
MECH106,MECH,2,4,47,FAC5022,Tuesday,10:00,11:00,ME305
CIVIL179,CIVIL,3,6,56,FAC5049,Tuesday,14:00,15:00,ME305
CIVIL120,CIVIL,2,3,56,FAC5099,Tuesday,12:15,13:15,ME305
CSE189,CSE,3,6,38,FAC5082,Wednesday,14:00,15:00,ME305
AIML165,AIML,2,3,41,FAC5057,Wednesday,15:00,16:00,ME305
ECE137,ECE,4,7,50,FAC5018,Wednesday,10:00,11:00,ME305
EEE398,EEE,2,4,35,FAC5034,Wednesday,09:00,10:00,ME305
CSE244,CSE,1,2,39,FAC5024,Thursday,09:00,10:00,ME305
CIVIL434,CIVIL,3,5,38,FAC5017,Thursday,15:00,16:00,ME305
CSE267,CSE,1,2,56,FAC5013,Thursday,14:00,15:00,ME305
TEXTILE328,TEXTILE,2,4,43,FAC5018,Thursday,10:00,11:00,ME305
MECH390,MECH,1,1,49,FAC5038,Friday,12:15,13:15,ME305
ECE368,ECE,2,3,49,FAC5023,Friday,09:00,10:00,ME305
IT421,IT,2,4,59,FAC5131,Friday,11:15,12:15,ME305
CIVIL442,CIVIL,4,7,40,FAC5032,Friday,14:00,15:00,ME305
MECH302,MECH,1,1,43,FAC5115,Monday,09:00,10:00,WW 213
EEE172,EEE,2,3,39,FAC5113,Monday,14:00,15:00,WW 213
CSE152,CSE,1,2,54,FAC5106,Monday,12:15,13:15,WW 213
ECE290,ECE,4,8,52,FAC5038,Monday,15:00,16:00,WW 213
IT434,IT,4,8,53,FAC5022,Tuesday,12:15,13:15,WW 213
TEXTILE409,TEXTILE,1,2,47,FAC5011,Tuesday,11:15,12:15,WW 213
EEE253,EEE,2,3,41,FAC5039,Tuesday,10:00,11:00,WW 213
ECE114,ECE,3,6,55,FAC5063,Tuesday,09:00,10:00,WW 213
AIDS438,AIDS,2,3,60,FAC5091,Wednesday,12:15,13:15,WW 213
IT493,IT,4,8,44,FAC5008,Wednesday,14:00,15:00,WW 213
CIVIL119,CIVIL,4,7,51,FAC5054,Wednesday,15:00,16:00,WW 213
AIDS189,AIDS,3,6,47,FAC5005,Thursday,15:00,16:00,WW 213
CIVIL159,CIVIL,2,4,48,FAC5009,Thursday,09:00,10:00,WW 213
MECH258,MECH,3,5,39,FAC5040,Thursday,10:00,11:00,WW 213
EEE469,EEE,4,8,42,FAC5047,Thursday,14:00,15:00,WW 213
ECE344,ECE,2,4,55,FAC5022,Friday,11:15,12:15,WW 213
MECH266,MECH,3,6,53,FAC5135,Friday,15:00,16:00,WW 213
AIDS347,AIDS,2,4,57,FAC5090,Friday,10:00,11:00,WW 213
IT333,IT,2,4,56,FAC5090,Friday,09:00,10:00,WW 213
ECE295,ECE,2,3,56,FAC5062,Monday,12:15,13:15,SF 203
ECE439,ECE,4,7,57,FAC5026,Monday,09:00,10:00,SF 203
AIML167,AIML,3,5,39,FAC5128,Monday,10:00,11:00,SF 203
IT241,IT,3,5,44,FAC5110,Tuesday,14:00,15:00,SF 203
MECH173,MECH,3,5,39,FAC5122,Tuesday,11:15,12:15,SF 203
MECH401,MECH,4,8,39,FAC5067,Tuesday,10:00,11:00,SF 203
AIDS227,AIDS,3,6,55,FAC5120,Wednesday,10:00,11:00,SF 203
AIDS458,AIDS,1,2,46,FAC5042,Wednesday,12:15,13:15,SF 203
TEXTILE431,TEXTILE,4,7,58,FAC5126,Wednesday,14:00,15:00,SF 203
IT204,IT,2,4,36,FAC5031,Wednesday,11:15,12:15,SF 203
TEXTILE241,TEXTILE,1,1,56,FAC5031,Thursday,10:00,11:00,SF 203
ECE244,ECE,4,7,55,FAC5029,Thursday,15:00,16:00,SF 203
AIDS390,AIDS,3,6,52,FAC5132,Thursday,12:15,13:15,SF 203
EEE171,EEE,4,7,38,FAC5071,Friday,15:00,16:00,SF 203
TEXTILE491,TEXTILE,3,5,57,FAC5011,Friday,09:00,10:00,SF 203
CIVIL298,CIVIL,2,3,52,FAC5077,Friday,10:00,11:00,SF 203
CIVIL298,CIVIL,2,3,56,FAC5102,Monday,12:15,13:15,IECC Launch Pad
AIDS217,AIDS,3,6,41,FAC5106,Monday,10:00,11:00,IECC Launch Pad
EEE124,EEE,3,6,45,FAC5070,Monday,15:00,16:00,IECC Launch Pad
AIML442,AIML,3,5,41,FAC5080,Monday,09:00,10:00,IECC Launch Pad
MECH207,MECH,4,8,41,FAC5007,Tuesday,12:15,13:15,IECC Launch Pad
TEXTILE111,TEXTILE,3,5,48,FAC5096,Tuesday,11:15,12:15,IECC Launch Pad
TEXTILE424,TEXTILE,1,2,36,FAC5116,Tuesday,09:00,10:00,IECC Launch Pad
AIDS302,AIDS,1,2,49,FAC5083,Wednesday,10:00,11:00,IECC Launch Pad
IT347,IT,3,5,36,FAC5068,Wednesday,09:00,10:00,IECC Launch Pad
MECH245,MECH,2,4,54,FAC5105,Wednesday,14:00,15:00,IECC Launch Pad
AIML298,AIML,3,6,58,FAC5057,Wednesday,12:15,13:15,IECC Launch Pad
IT162,IT,2,3,45,FAC5108,Thursday,09:00,10:00,IECC Launch Pad
CSE209,CSE,2,4,39,FAC5081,Thursday,11:15,12:15,IECC Launch Pad
IT466,IT,4,7,54,FAC5016,Thursday,12:15,13:15,IECC Launch Pad
CIVIL237,CIVIL,4,8,50,FAC5101,Friday,11:15,12:15,IECC Launch Pad
CSE358,CSE,4,7,53,FAC5109,Friday,12:15,13:15,IECC Launch Pad
AIML484,AIML,3,6,48,FAC5043,Friday,15:00,16:00,IECC Launch Pad
EEE221,EEE,4,7,45,FAC5098,Monday,09:00,10:00,EW 216
TEXTILE259,TEXTILE,4,7,56,FAC5026,Monday,11:15,12:15,EW 216
ECE359,ECE,2,4,55,FAC5016,Monday,12:15,13:15,EW 216
EEE259,EEE,2,3,41,FAC5107,Tuesday,15:00,16:00,EW 216
ECE309,ECE,2,4,41,FAC5007,Tuesday,14:00,15:00,EW 216
MECH401,MECH,4,7,51,FAC5012,Tuesday,12:15,13:15,EW 216
IT432,IT,3,6,59,FAC5087,Wednesday,14:00,15:00,EW 216
CSE299,CSE,3,5,43,FAC5086,Wednesday,15:00,16:00,EW 216
EEE140,EEE,4,8,45,FAC5052,Wednesday,10:00,11:00,EW 216
ECE188,ECE,2,4,48,FAC5132,Thursday,09:00,10:00,EW 216
TEXTILE103,TEXTILE,2,4,54,FAC5033,Thursday,11:15,12:15,EW 216
AIML119,AIML,2,3,38,FAC5038,Thursday,14:00,15:00,EW 216
MECH355,MECH,4,8,52,FAC5056,Thursday,12:15,13:15,EW 216
ECE336,ECE,4,8,55,FAC5098,Friday,15:00,16:00,EW 216
AIML407,AIML,4,8,47,FAC5090,Friday,12:15,13:15,EW 216
AIDS338,AIDS,3,5,58,FAC5005,Friday,10:00,11:00,EW 216
ECE439,ECE,4,8,35,FAC5122,Monday,09:00,10:00,EW 111
MECH379,MECH,4,8,55,FAC5004,Monday,12:15,13:15,EW 111
MECH340,MECH,2,4,43,FAC5107,Monday,14:00,15:00,EW 111
AIML145,AIML,3,6,54,FAC5086,Monday,15:00,16:00,EW 111
TEXTILE463,TEXTILE,3,6,46,FAC5054,Tuesday,12:15,13:15,EW 111
ECE410,ECE,3,5,37,FAC5087,Tuesday,15:00,16:00,EW 111
MECH323,MECH,2,4,53,FAC5047,Tuesday,11:15,12:15,EW 111
AIML221,AIML,1,1,53,FAC5108,Wednesday,15:00,16:00,EW 111
CSE102,CSE,4,7,46,FAC5030,Wednesday,09:00,10:00,EW 111
TEXTILE414,TEXTILE,1,1,40,FAC5078,Wednesday,10:00,11:00,EW 111
CIVIL171,CIVIL,3,5,42,FAC5049,Wednesday,11:15,12:15,EW 111
AIML126,AIML,2,3,58,FAC5013,Thursday,09:00,10:00,EW 111
AIML181,AIML,4,7,58,FAC5028,Thursday,14:00,15:00,EW 111
IT262,IT,3,6,54,FAC5084,Thursday,10:00,11:00,EW 111
AIDS486,AIDS,3,5,38,FAC5095,Thursday,12:15,13:15,EW 111
EEE115,EEE,3,6,39,FAC5090,Friday,14:00,15:00,EW 111
ECE237,ECE,1,1,53,FAC5034,Friday,10:00,11:00,EW 111
ECE285,ECE,3,5,45,FAC5039,Friday,12:15,13:15,EW 111
MECH108,MECH,1,1,59,FAC5087,Friday,09:00,10:00,EW 111
CIVIL114,CIVIL,3,6,42,FAC5125,Monday,15:00,16:00,WW 114
CSE341,CSE,1,1,48,FAC5011,Monday,09:00,10:00,WW 114
AIDS252,AIDS,3,6,38,FAC5124,Monday,14:00,15:00,WW 114
TEXTILE305,TEXTILE,4,7,54,FAC5022,Tuesday,09:00,10:00,WW 114
ECE138,ECE,2,4,48,FAC5122,Tuesday,15:00,16:00,WW 114
EEE188,EEE,4,8,35,FAC5122,Tuesday,10:00,11:00,WW 114
AIML356,AIML,3,5,42,FAC5054,Wednesday,10:00,11:00,WW 114
AIML410,AIML,3,5,41,FAC5101,Wednesday,14:00,15:00,WW 114
TEXTILE304,TEXTILE,3,6,58,FAC5105,Wednesday,11:15,12:15,WW 114
CSE133,CSE,3,6,40,FAC5118,Wednesday,15:00,16:00,WW 114
CIVIL148,CIVIL,4,8,46,FAC5075,Thursday,09:00,10:00,WW 114
MECH400,MECH,4,8,53,FAC5051,Thursday,15:00,16:00,WW 114
MECH374,MECH,3,6,39,FAC5037,Thursday,10:00,11:00,WW 114
CIVIL477,CIVIL,2,4,40,FAC5003,Friday,09:00,10:00,WW 114
AIML316,AIML,4,8,45,FAC5133,Friday,12:15,13:15,WW 114
EEE334,EEE,3,5,38,FAC5058,Friday,15:00,16:00,WW 114
AIML190,AIML,2,3,47,FAC5058,Friday,11:15,12:15,WW 114
CSE460,CSE,3,5,42,FAC5130,Monday,10:00,11:00,WW 212
AIDS162,AIDS,1,2,43,FAC5010,Monday,15:00,16:00,WW 212
CSE312,CSE,2,4,44,FAC5016,Monday,11:15,12:15,WW 212
IT364,IT,3,5,42,FAC5053,Tuesday,09:00,10:00,WW 212
TEXTILE335,TEXTILE,4,8,52,FAC5014,Tuesday,11:15,12:15,WW 212
EEE288,EEE,2,4,46,FAC5044,Tuesday,15:00,16:00,WW 212
IT170,IT,2,4,49,FAC5026,Wednesday,15:00,16:00,WW 212
CSE120,CSE,1,2,52,FAC5122,Wednesday,09:00,10:00,WW 212
TEXTILE377,TEXTILE,1,2,57,FAC5077,Wednesday,12:15,13:15,WW 212
AIML396,AIML,2,3,49,FAC5064,Thursday,15:00,16:00,WW 212
AIDS153,AIDS,3,5,45,FAC5020,Thursday,14:00,15:00,WW 212
AIML270,AIML,4,7,55,FAC5027,Thursday,09:00,10:00,WW 212
CSE277,CSE,3,5,37,FAC5046,Friday,09:00,10:00,WW 212
MECH288,MECH,3,5,45,FAC5009,Friday,14:00,15:00,WW 212
CSE283,CSE,4,7,43,FAC5105,Friday,11:15,12:15,WW 212
TEXTILE309,TEXTILE,2,3,50,FAC5109,Monday,15:00,16:00,WW 112
IT497,IT,3,5,40,FAC5023,Monday,10:00,11:00,WW 112
EEE100,EEE,3,6,53,FAC5073,Monday,09:00,10:00,WW 112
TEXTILE147,TEXTILE,4,8,56,FAC5058,Tuesday,14:00,15:00,WW 112
TEXTILE163,TEXTILE,1,2,36,FAC5007,Tuesday,10:00,11:00,WW 112
CSE473,CSE,4,8,56,FAC5081,Tuesday,12:15,13:15,WW 112
ECE190,ECE,4,7,42,FAC5049,Tuesday,09:00,10:00,WW 112
CSE487,CSE,3,6,56,FAC5078,Wednesday,12:15,13:15,WW 112
AIML322,AIML,2,4,51,FAC5007,Wednesday,14:00,15:00,WW 112
TEXTILE285,TEXTILE,1,1,53,FAC5110,Wednesday,09:00,10:00,WW 112
TEXTILE493,TEXTILE,3,5,48,FAC5018,Thursday,10:00,11:00,WW 112
AIML116,AIML,1,2,44,FAC5093,Thursday,11:15,12:15,WW 112
IT227,IT,2,3,59,FAC5002,Thursday,12:15,13:15,WW 112
ECE150,ECE,2,4,49,FAC5078,Friday,14:00,15:00,WW 112
TEXTILE281,TEXTILE,1,2,43,FAC5123,Friday,12:15,13:15,WW 112
MECH294,MECH,3,6,40,FAC5021,Friday,09:00,10:00,WW 112
AIDS238,AIDS,4,7,55,FAC5055,Friday,15:00,16:00,WW 112
AIML451,AIML,4,7,59,FAC5118,Monday,12:15,13:15,MH305
CSE146,CSE,4,7,36,FAC5029,Monday,15:00,16:00,MH305
AIML392,AIML,4,7,38,FAC5090,Monday,11:15,12:15,MH305
AIML397,AIML,2,3,44,FAC5036,Tuesday,10:00,11:00,MH305
CIVIL216,CIVIL,4,7,56,FAC5049,Tuesday,12:15,13:15,MH305
TEXTILE174,TEXTILE,1,2,47,FAC5120,Tuesday,15:00,16:00,MH305
TEXTILE108,TEXTILE,3,6,35,FAC5096,Wednesday,15:00,16:00,MH305
AIML144,AIML,2,4,58,FAC5008,Wednesday,14:00,15:00,MH305
AIML172,AIML,4,7,59,FAC5090,Wednesday,12:15,13:15,MH305
MECH350,MECH,1,2,41,FAC5116,Wednesday,11:15,12:15,MH305
CSE123,CSE,1,1,60,FAC5083,Thursday,15:00,16:00,MH305
CSE268,CSE,4,7,35,FAC5101,Thursday,11:15,12:15,MH305
TEXTILE165,TEXTILE,1,1,43,FAC5031,Thursday,09:00,10:00,MH305
AIML282,AIML,2,4,47,FAC5117,Thursday,10:00,11:00,MH305
ECE136,ECE,1,1,49,FAC5106,Friday,15:00,16:00,MH305
MECH433,MECH,4,7,60,FAC5005,Friday,12:15,13:15,MH305
AIML124,AIML,1,2,56,FAC5123,Friday,09:00,10:00,MH305
AIML119,AIML,4,7,39,FAC5015,Monday,09:00,10:00,EW 208
EEE241,EEE,3,5,48,FAC5079,Monday,15:00,16:00,EW 208
IT250,IT,4,7,40,FAC5131,Monday,12:15,13:15,EW 208
CIVIL113,CIVIL,2,3,36,FAC5010,Monday,14:00,15:00,EW 208
ECE272,ECE,4,8,46,FAC5051,Tuesday,11:15,12:15,EW 208
EEE195,EEE,3,6,41,FAC5099,Tuesday,10:00,11:00,EW 208
AIML286,AIML,1,2,53,FAC5088,Tuesday,12:15,13:15,EW 208
IT329,IT,4,8,60,FAC5006,Wednesday,11:15,12:15,EW 208
MECH145,MECH,1,1,41,FAC5084,Wednesday,12:15,13:15,EW 208
IT446,IT,4,7,41,FAC5008,Wednesday,15:00,16:00,EW 208
CSE108,CSE,4,8,48,FAC5088,Thursday,12:15,13:15,EW 208
MECH266,MECH,2,4,41,FAC5016,Thursday,10:00,11:00,EW 208
EEE144,EEE,2,3,38,FAC5055,Thursday,15:00,16:00,EW 208
AIDS411,AIDS,3,6,43,FAC5039,Thursday,14:00,15:00,EW 208
IT313,IT,3,6,46,FAC5063,Friday,11:15,12:15,EW 208
CIVIL225,CIVIL,3,6,40,FAC5005,Friday,14:00,15:00,EW 208
CIVIL204,CIVIL,1,2,36,FAC5119,Friday,09:00,10:00,EW 208
AIML208,AIML,4,7,54,FAC5101,Friday,10:00,11:00,EW 208
ECE389,ECE,2,4,36,FAC5078,Monday,15:00,16:00,WW 227
AIDS179,AIDS,1,2,47,FAC5089,Monday,09:00,10:00,WW 227
AIDS248,AIDS,1,1,45,FAC5063,Monday,12:15,13:15,WW 227
EEE356,EEE,1,2,49,FAC5011,Monday,14:00,15:00,WW 227
CSE463,CSE,3,5,54,FAC5103,Tuesday,15:00,16:00,WW 227
IT219,IT,2,3,51,FAC5111,Tuesday,11:15,12:15,WW 227
CIVIL275,CIVIL,3,5,45,FAC5022,Tuesday,14:00,15:00,WW 227
AIDS202,AIDS,3,6,45,FAC5017,Tuesday,10:00,11:00,WW 227
AIDS471,AIDS,3,5,41,FAC5020,Wednesday,09:00,10:00,WW 227
AIDS117,AIDS,1,2,38,FAC5082,Wednesday,10:00,11:00,WW 227
AIML198,AIML,1,1,41,FAC5047,Wednesday,14:00,15:00,WW 227
EEE300,EEE,1,2,51,FAC5096,Thursday,14:00,15:00,WW 227
AIML205,AIML,1,2,37,FAC5107,Thursday,09:00,10:00,WW 227
CSE441,CSE,3,6,54,FAC5083,Thursday,11:15,12:15,WW 227
EEE314,EEE,4,8,39,FAC5023,Thursday,15:00,16:00,WW 227
CIVIL168,CIVIL,4,7,47,FAC5041,Friday,09:00,10:00,WW 227
IT464,IT,3,5,59,FAC5031,Friday,10:00,11:00,WW 227
EEE260,EEE,2,3,41,FAC5135,Friday,12:15,13:15,WW 227
CIVIL320,CIVIL,4,8,47,FAC5029,Monday,12:15,13:15,Class Room 2
MECH217,MECH,3,5,60,FAC5060,Monday,09:00,10:00,Class Room 2
EEE439,EEE,1,1,60,FAC5108,Monday,15:00,16:00,Class Room 2
IT149,IT,1,2,38,FAC5096,Monday,11:15,12:15,Class Room 2
EEE320,EEE,1,1,53,FAC5062,Tuesday,15:00,16:00,Class Room 2
CIVIL420,CIVIL,2,3,49,FAC5130,Tuesday,14:00,15:00,Class Room 2
MECH104,MECH,2,4,60,FAC5001,Tuesday,09:00,10:00,Class Room 2
CSE220,CSE,2,4,54,FAC5002,Tuesday,10:00,11:00,Class Room 2
IT119,IT,1,1,45,FAC5108,Wednesday,11:15,12:15,Class Room 2
AIDS459,AIDS,4,8,59,FAC5007,Wednesday,09:00,10:00,Class Room 2
AIML215,AIML,1,1,50,FAC5120,Wednesday,12:15,13:15,Class Room 2
AIDS395,AIDS,4,8,60,FAC5032,Wednesday,14:00,15:00,Class Room 2
CSE445,CSE,2,3,42,FAC5089,Thursday,10:00,11:00,Class Room 2
ECE223,ECE,3,5,40,FAC5060,Thursday,15:00,16:00,Class Room 2
EEE281,EEE,4,7,35,FAC5004,Thursday,09:00,10:00,Class Room 2
AIDS380,AIDS,3,6,51,FAC5061,Friday,14:00,15:00,Class Room 2
AIML294,AIML,3,6,37,FAC5082,Friday,09:00,10:00,Class Room 2
AIML337,AIML,3,5,55,FAC5108,Friday,11:15,12:15,Class Room 2
CIVIL308,CIVIL,3,6,46,FAC5076,Friday,15:00,16:00,Class Room 2
CIVIL124,CIVIL,4,7,45,FAC5012,Monday,10:00,11:00,WW 101
EEE397,EEE,3,5,36,FAC5017,Monday,15:00,16:00,WW 101
AIML302,AIML,2,4,46,FAC5135,Monday,12:15,13:15,WW 101
CIVIL189,CIVIL,1,1,54,FAC5026,Tuesday,12:15,13:15,WW 101
AIML303,AIML,2,4,47,FAC5011,Tuesday,14:00,15:00,WW 101
AIDS202,AIDS,4,7,39,FAC5094,Tuesday,09:00,10:00,WW 101
TEXTILE228,TEXTILE,1,2,49,FAC5030,Wednesday,15:00,16:00,WW 101
EEE204,EEE,2,4,51,FAC5051,Wednesday,10:00,11:00,WW 101
AIDS375,AIDS,2,4,38,FAC5103,Wednesday,14:00,15:00,WW 101
AIML415,AIML,2,3,54,FAC5001,Wednesday,12:15,13:15,WW 101
ECE104,ECE,3,6,35,FAC5068,Thursday,12:15,13:15,WW 101
TEXTILE336,TEXTILE,2,3,39,FAC5024,Thursday,10:00,11:00,WW 101
TEXTILE111,TEXTILE,4,7,54,FAC5067,Thursday,14:00,15:00,WW 101
CSE418,CSE,1,1,58,FAC5056,Friday,09:00,10:00,WW 101
CSE321,CSE,2,3,55,FAC5013,Friday,11:15,12:15,WW 101
CSE418,CSE,2,4,45,FAC5085,Friday,12:15,13:15,WW 101
ECE190,ECE,1,2,42,FAC5069,Monday,12:15,13:15,WW 117
CIVIL354,CIVIL,4,8,39,FAC5067,Monday,10:00,11:00,WW 117
CSE416,CSE,4,7,37,FAC5054,Monday,14:00,15:00,WW 117
MECH449,MECH,2,4,43,FAC5081,Tuesday,15:00,16:00,WW 117
ECE118,ECE,3,6,59,FAC5112,Tuesday,10:00,11:00,WW 117
EEE479,EEE,4,7,48,FAC5036,Tuesday,14:00,15:00,WW 117
ECE255,ECE,1,1,39,FAC5038,Tuesday,09:00,10:00,WW 117
CSE158,CSE,3,5,40,FAC5021,Wednesday,10:00,11:00,WW 117
EEE452,EEE,3,5,59,FAC5028,Wednesday,11:15,12:15,WW 117
TEXTILE328,TEXTILE,2,3,47,FAC5053,Wednesday,14:00,15:00,WW 117
EEE186,EEE,2,3,35,FAC5011,Wednesday,09:00,10:00,WW 117
TEXTILE179,TEXTILE,1,1,56,FAC5135,Thursday,14:00,15:00,WW 117
CIVIL209,CIVIL,2,3,42,FAC5028,Thursday,11:15,12:15,WW 117
AIDS148,AIDS,2,3,56,FAC5124,Thursday,10:00,11:00,WW 117
EEE146,EEE,4,7,35,FAC5066,Friday,11:15,12:15,WW 117
CSE388,CSE,1,2,48,FAC5052,Friday,09:00,10:00,WW 117
MECH432,MECH,3,5,58,FAC5071,Friday,15:00,16:00,WW 117
TEXTILE139,TEXTILE,1,1,57,FAC5075,Monday,09:00,10:00,SF 101
EEE141,EEE,2,4,41,FAC5039,Monday,14:00,15:00,SF 101
AIML147,AIML,3,5,45,FAC5032,Monday,15:00,16:00,SF 101
AIML178,AIML,4,8,43,FAC5070,Monday,12:15,13:15,SF 101
IT202,IT,2,4,37,FAC5005,Tuesday,15:00,16:00,SF 101
EEE279,EEE,2,4,41,FAC5098,Tuesday,14:00,15:00,SF 101
TEXTILE211,TEXTILE,3,5,47,FAC5061,Tuesday,09:00,10:00,SF 101
CIVIL480,CIVIL,3,5,37,FAC5075,Wednesday,15:00,16:00,SF 101
AIDS371,AIDS,2,3,37,FAC5131,Wednesday,12:15,13:15,SF 101
AIML308,AIML,2,3,42,FAC5090,Wednesday,09:00,10:00,SF 101
ECE467,ECE,3,6,36,FAC5130,Wednesday,14:00,15:00,SF 101
TEXTILE424,TEXTILE,2,4,38,FAC5013,Thursday,11:15,12:15,SF 101
EEE319,EEE,4,7,57,FAC5104,Thursday,15:00,16:00,SF 101
AIML187,AIML,2,4,46,FAC5033,Thursday,10:00,11:00,SF 101
IT256,IT,3,6,50,FAC5014,Friday,09:00,10:00,SF 101
MECH263,MECH,1,1,45,FAC5085,Friday,11:15,12:15,SF 101
CIVIL365,CIVIL,3,5,49,FAC5061,Friday,15:00,16:00,SF 101
AIDS158,AIDS,2,3,54,FAC5106,Friday,10:00,11:00,SF 101
IT222,IT,3,6,42,FAC5034,Monday,11:15,12:15,WW 203
AIML378,AIML,1,2,37,FAC5010,Monday,09:00,10:00,WW 203
MECH397,MECH,4,7,55,FAC5043,Monday,10:00,11:00,WW 203
AIML375,AIML,2,3,59,FAC5094,Tuesday,11:15,12:15,WW 203
ECE322,ECE,4,7,56,FAC5004,Tuesday,12:15,13:15,WW 203
EEE386,EEE,2,3,56,FAC5062,Tuesday,14:00,15:00,WW 203
CIVIL325,CIVIL,3,6,58,FAC5032,Tuesday,15:00,16:00,WW 203
AIML395,AIML,4,8,59,FAC5062,Wednesday,10:00,11:00,WW 203
CSE451,CSE,2,4,54,FAC5121,Wednesday,14:00,15:00,WW 203
CSE437,CSE,3,5,35,FAC5039,Wednesday,12:15,13:15,WW 203
MECH259,MECH,4,7,44,FAC5095,Wednesday,11:15,12:15,WW 203
MECH166,MECH,1,2,50,FAC5046,Thursday,12:15,13:15,WW 203
AIDS385,AIDS,3,5,59,FAC5071,Thursday,10:00,11:00,WW 203
AIML275,AIML,4,7,48,FAC5108,Thursday,11:15,12:15,WW 203
AIML299,AIML,2,3,56,FAC5025,Friday,10:00,11:00,WW 203
EEE220,EEE,4,7,51,FAC5058,Friday,15:00,16:00,WW 203
CIVIL291,CIVIL,1,2,35,FAC5054,Friday,14:00,15:00,WW 203
AIML474,AIML,3,5,41,FAC5111,Monday,15:00,16:00,EW 214
MECH454,MECH,4,7,39,FAC5029,Monday,14:00,15:00,EW 214
EEE235,EEE,3,5,38,FAC5097,Monday,12:15,13:15,EW 214
CSE493,CSE,3,5,41,FAC5123,Tuesday,10:00,11:00,EW 214
CSE257,CSE,3,6,50,FAC5124,Tuesday,12:15,13:15,EW 214
CIVIL300,CIVIL,1,2,44,FAC5117,Tuesday,15:00,16:00,EW 214
CIVIL269,CIVIL,4,8,46,FAC5107,Tuesday,11:15,12:15,EW 214
AIML417,AIML,3,5,58,FAC5131,Wednesday,11:15,12:15,EW 214
MECH246,MECH,2,4,42,FAC5055,Wednesday,10:00,11:00,EW 214
ECE132,ECE,3,6,40,FAC5122,Wednesday,15:00,16:00,EW 214
IT180,IT,1,2,40,FAC5117,Wednesday,14:00,15:00,EW 214
CIVIL301,CIVIL,3,5,49,FAC5037,Thursday,10:00,11:00,EW 214
TEXTILE114,TEXTILE,1,2,45,FAC5130,Thursday,15:00,16:00,EW 214
AIML257,AIML,1,1,42,FAC5095,Thursday,14:00,15:00,EW 214
EEE397,EEE,1,1,47,FAC5045,Thursday,09:00,10:00,EW 214
TEXTILE498,TEXTILE,2,3,57,FAC5015,Friday,11:15,12:15,EW 214
EEE144,EEE,1,1,49,FAC5124,Friday,15:00,16:00,EW 214
CIVIL293,CIVIL,2,4,36,FAC5112,Friday,10:00,11:00,EW 214
CIVIL291,CIVIL,3,5,44,FAC5128,Friday,12:15,13:15,EW 214
MECH441,MECH,4,7,53,FAC5112,Monday,15:00,16:00,ME306
AIML351,AIML,2,4,41,FAC5095,Monday,14:00,15:00,ME306
EEE173,EEE,2,4,47,FAC5036,Monday,10:00,11:00,ME306
MECH269,MECH,1,1,43,FAC5029,Monday,12:15,13:15,ME306
EEE361,EEE,4,8,54,FAC5023,Tuesday,09:00,10:00,ME306
ECE453,ECE,2,4,36,FAC5049,Tuesday,11:15,12:15,ME306
AIML321,AIML,4,8,51,FAC5119,Tuesday,10:00,11:00,ME306
AIML303,AIML,4,8,57,FAC5124,Wednesday,14:00,15:00,ME306
IT432,IT,1,1,58,FAC5001,Wednesday,15:00,16:00,ME306
AIML127,AIML,4,8,37,FAC5036,Wednesday,12:15,13:15,ME306
IT260,IT,1,2,44,FAC5042,Thursday,12:15,13:15,ME306
ECE178,ECE,3,5,35,FAC5055,Thursday,11:15,12:15,ME306
EEE252,EEE,4,7,49,FAC5041,Thursday,14:00,15:00,ME306
CSE119,CSE,4,7,38,FAC5070,Thursday,09:00,10:00,ME306
MECH478,MECH,4,7,55,FAC5131,Friday,09:00,10:00,ME306
AIDS135,AIDS,4,7,42,FAC5054,Friday,14:00,15:00,ME306
ECE465,ECE,4,8,47,FAC5034,Friday,12:15,13:15,ME306
AIML381,AIML,2,3,45,FAC5087,Friday,11:15,12:15,ME306
ECE150,ECE,1,1,40,FAC5061,Monday,14:00,15:00,EW 201
AIML200,AIML,1,2,41,FAC5051,Monday,15:00,16:00,EW 201
EEE265,EEE,4,7,40,FAC5032,Monday,11:15,12:15,EW 201
CSE113,CSE,4,8,37,FAC5054,Monday,09:00,10:00,EW 201
MECH155,MECH,3,6,48,FAC5084,Tuesday,12:15,13:15,EW 201
ECE100,ECE,3,6,43,FAC5077,Tuesday,10:00,11:00,EW 201
IT230,IT,2,3,53,FAC5125,Tuesday,15:00,16:00,EW 201
IT495,IT,4,8,36,FAC5088,Tuesday,09:00,10:00,EW 201
AIML359,AIML,3,6,50,FAC5032,Wednesday,12:15,13:15,EW 201
EEE387,EEE,3,6,51,FAC5101,Wednesday,14:00,15:00,EW 201
IT194,IT,1,2,40,FAC5115,Wednesday,15:00,16:00,EW 201
EEE262,EEE,1,2,55,FAC5071,Wednesday,11:15,12:15,EW 201
EEE424,EEE,2,4,53,FAC5108,Thursday,12:15,13:15,EW 201
CIVIL428,CIVIL,2,4,41,FAC5114,Thursday,15:00,16:00,EW 201
ECE296,ECE,2,4,49,FAC5043,Thursday,10:00,11:00,EW 201
CSE457,CSE,2,4,60,FAC5132,Thursday,09:00,10:00,EW 201
EEE209,EEE,2,3,46,FAC5115,Friday,14:00,15:00,EW 201
MECH302,MECH,1,1,48,FAC5132,Friday,09:00,10:00,EW 201
MECH117,MECH,4,8,35,FAC5073,Friday,10:00,11:00,EW 201
AIDS116,AIDS,4,8,59,FAC5079,Friday,11:15,12:15,EW 201
CIVIL378,CIVIL,4,8,39,FAC5016,Monday,09:00,10:00,EW 204
AIDS190,AIDS,1,2,37,FAC5108,Monday,11:15,12:15,EW 204
CIVIL390,CIVIL,2,3,45,FAC5123,Monday,12:15,13:15,EW 204
AIML340,AIML,3,6,53,FAC5064,Tuesday,11:15,12:15,EW 204
AIML187,AIML,2,4,42,FAC5033,Tuesday,14:00,15:00,EW 204
ECE451,ECE,3,6,38,FAC5092,Tuesday,10:00,11:00,EW 204
ECE201,ECE,3,6,59,FAC5094,Wednesday,12:15,13:15,EW 204
IT379,IT,1,1,35,FAC5043,Wednesday,09:00,10:00,EW 204
TEXTILE276,TEXTILE,2,3,37,FAC5093,Wednesday,10:00,11:00,EW 204
TEXTILE205,TEXTILE,1,1,49,FAC5113,Thursday,09:00,10:00,EW 204
AIDS132,AIDS,4,7,41,FAC5123,Thursday,14:00,15:00,EW 204
ECE354,ECE,3,5,46,FAC5028,Thursday,12:15,13:15,EW 204
AIML250,AIML,1,1,57,FAC5021,Thursday,15:00,16:00,EW 204
CIVIL160,CIVIL,3,6,49,FAC5059,Friday,12:15,13:15,EW 204
CIVIL140,CIVIL,2,3,55,FAC5004,Friday,10:00,11:00,EW 204
IT256,IT,2,3,57,FAC5083,Friday,15:00,16:00,EW 204
CSE323,CSE,2,4,49,FAC5026,Friday,09:00,10:00,EW 204
IT379,IT,4,7,55,FAC5022,Monday,14:00,15:00,EW 215
ECE221,ECE,4,7,49,FAC5072,Monday,11:15,12:15,EW 215
AIDS217,AIDS,1,1,46,FAC5120,Monday,15:00,16:00,EW 215
ECE167,ECE,3,6,58,FAC5023,Tuesday,11:15,12:15,EW 215
TEXTILE254,TEXTILE,1,1,44,FAC5020,Tuesday,12:15,13:15,EW 215
AIDS324,AIDS,2,4,52,FAC5005,Tuesday,10:00,11:00,EW 215
CIVIL251,CIVIL,4,8,53,FAC5056,Wednesday,09:00,10:00,EW 215
IT184,IT,2,3,59,FAC5123,Wednesday,15:00,16:00,EW 215
MECH402,MECH,2,3,42,FAC5055,Wednesday,11:15,12:15,EW 215
MECH388,MECH,2,3,54,FAC5054,Wednesday,10:00,11:00,EW 215
TEXTILE440,TEXTILE,3,5,44,FAC5124,Thursday,12:15,13:15,EW 215
ECE387,ECE,4,7,38,FAC5076,Thursday,10:00,11:00,EW 215
MECH360,MECH,1,1,53,FAC5029,Thursday,14:00,15:00,EW 215
EEE109,EEE,3,6,57,FAC5113,Thursday,15:00,16:00,EW 215
CIVIL170,CIVIL,1,2,51,FAC5029,Friday,09:00,10:00,EW 215
EEE230,EEE,2,4,57,FAC5034,Friday,14:00,15:00,EW 215
ECE115,ECE,2,4,44,FAC5008,Friday,10:00,11:00,EW 215
CSE181,CSE,2,3,60,FAC5093,Monday,11:15,12:15,WW 225
CIVIL275,CIVIL,1,1,56,FAC5012,Monday,09:00,10:00,WW 225
TEXTILE441,TEXTILE,3,6,46,FAC5009,Monday,14:00,15:00,WW 225
ECE287,ECE,4,7,51,FAC5132,Tuesday,09:00,10:00,WW 225
MECH118,MECH,2,4,52,FAC5049,Tuesday,15:00,16:00,WW 225
MECH236,MECH,2,3,36,FAC5026,Tuesday,11:15,12:15,WW 225
CSE197,CSE,4,7,38,FAC5090,Tuesday,12:15,13:15,WW 225
MECH223,MECH,2,4,51,FAC5127,Wednesday,10:00,11:00,WW 225
ECE317,ECE,3,6,40,FAC5017,Wednesday,11:15,12:15,WW 225
MECH413,MECH,2,3,42,FAC5008,Wednesday,15:00,16:00,WW 225
ECE258,ECE,2,4,35,FAC5123,Thursday,11:15,12:15,WW 225
MECH219,MECH,3,5,36,FAC5112,Thursday,12:15,13:15,WW 225
AIML446,AIML,2,3,43,FAC5054,Thursday,15:00,16:00,WW 225
CIVIL386,CIVIL,1,1,35,FAC5091,Thursday,14:00,15:00,WW 225
CIVIL170,CIVIL,1,2,49,FAC5025,Friday,15:00,16:00,WW 225
EEE361,EEE,1,1,58,FAC5027,Friday,14:00,15:00,WW 225
MECH236,MECH,3,6,55,FAC5095,Friday,12:15,13:15,WW 225
AIDS223,AIDS,4,8,48,FAC5035,Monday,12:15,13:15,ME204
MECH453,MECH,1,1,35,FAC5089,Monday,10:00,11:00,ME204
AIML380,AIML,1,2,36,FAC5044,Monday,15:00,16:00,ME204
EEE178,EEE,3,5,59,FAC5089,Monday,14:00,15:00,ME204
AIML285,AIML,2,4,40,FAC5126,Tuesday,10:00,11:00,ME204
CSE293,CSE,1,1,44,FAC5054,Tuesday,09:00,10:00,ME204
IT337,IT,4,8,35,FAC5127,Tuesday,15:00,16:00,ME204
EEE120,EEE,2,4,56,FAC5042,Wednesday,11:15,12:15,ME204
MECH490,MECH,4,7,40,FAC5102,Wednesday,10:00,11:00,ME204
ECE175,ECE,1,2,59,FAC5086,Wednesday,15:00,16:00,ME204
AIML131,AIML,2,3,44,FAC5094,Wednesday,12:15,13:15,ME204
AIDS307,AIDS,4,8,54,FAC5064,Thursday,15:00,16:00,ME204
AIDS253,AIDS,1,1,41,FAC5125,Thursday,11:15,12:15,ME204
ECE178,ECE,3,5,38,FAC5062,Thursday,09:00,10:00,ME204
CSE139,CSE,1,2,48,FAC5089,Thursday,14:00,15:00,ME204
TEXTILE431,TEXTILE,1,1,47,FAC5070,Friday,14:00,15:00,ME204
MECH360,MECH,3,6,38,FAC5050,Friday,11:15,12:15,ME204
AIDS458,AIDS,3,6,41,FAC5080,Friday,15:00,16:00,ME204
EEE360,EEE,2,3,39,FAC5104,Monday,15:00,16:00,WW 205
ECE420,ECE,2,3,46,FAC5054,Monday,11:15,12:15,WW 205
TEXTILE295,TEXTILE,4,7,42,FAC5042,Monday,14:00,15:00,WW 205
CIVIL243,CIVIL,4,8,48,FAC5132,Tuesday,11:15,12:15,WW 205
ECE147,ECE,3,6,49,FAC5066,Tuesday,15:00,16:00,WW 205
CSE316,CSE,2,4,52,FAC5133,Tuesday,14:00,15:00,WW 205
ECE378,ECE,2,4,37,FAC5075,Tuesday,10:00,11:00,WW 205
AIML163,AIML,1,1,51,FAC5133,Wednesday,14:00,15:00,WW 205
TEXTILE399,TEXTILE,4,8,55,FAC5080,Wednesday,15:00,16:00,WW 205
CIVIL297,CIVIL,4,7,43,FAC5030,Wednesday,09:00,10:00,WW 205
AIDS488,AIDS,2,3,37,FAC5108,Thursday,09:00,10:00,WW 205
ECE451,ECE,1,2,38,FAC5023,Thursday,12:15,13:15,WW 205
IT267,IT,2,4,52,FAC5083,Thursday,10:00,11:00,WW 205
CSE298,CSE,2,3,43,FAC5013,Thursday,14:00,15:00,WW 205
EEE226,EEE,1,2,51,FAC5007,Friday,14:00,15:00,WW 205
CSE316,CSE,1,1,37,FAC5006,Friday,10:00,11:00,WW 205
TEXTILE316,TEXTILE,3,6,48,FAC5005,Friday,11:15,12:15,WW 205
EEE436,EEE,2,3,54,FAC5004,Friday,09:00,10:00,WW 205
AIML363,AIML,1,2,53,FAC5045,Monday,09:00,10:00,ME201
CIVIL278,CIVIL,4,7,43,FAC5107,Monday,10:00,11:00,ME201
TEXTILE258,TEXTILE,3,6,55,FAC5111,Monday,11:15,12:15,ME201
TEXTILE316,TEXTILE,3,5,41,FAC5066,Tuesday,15:00,16:00,ME201
IT124,IT,1,1,41,FAC5125,Tuesday,14:00,15:00,ME201
AIML488,AIML,4,7,41,FAC5013,Tuesday,10:00,11:00,ME201
AIML451,AIML,1,1,37,FAC5122,Tuesday,12:15,13:15,ME201
MECH238,MECH,1,2,50,FAC5103,Wednesday,12:15,13:15,ME201
ECE261,ECE,4,8,56,FAC5078,Wednesday,11:15,12:15,ME201
AIML449,AIML,2,4,42,FAC5026,Wednesday,10:00,11:00,ME201
CSE314,CSE,2,4,47,FAC5120,Wednesday,09:00,10:00,ME201
AIDS162,AIDS,4,7,43,FAC5024,Thursday,12:15,13:15,ME201
MECH180,MECH,2,3,48,FAC5085,Thursday,14:00,15:00,ME201
IT490,IT,4,7,51,FAC5044,Thursday,15:00,16:00,ME201
ECE389,ECE,3,5,48,FAC5024,Friday,09:00,10:00,ME201
AIDS422,AIDS,3,5,58,FAC5057,Friday,10:00,11:00,ME201
EEE333,EEE,2,3,45,FAC5081,Friday,12:15,13:15,ME201
CIVIL180,CIVIL,1,2,57,FAC5027,Monday,09:00,10:00,Class Room 1
MECH411,MECH,1,1,52,FAC5111,Monday,15:00,16:00,Class Room 1
MECH155,MECH,3,6,43,FAC5003,Monday,12:15,13:15,Class Room 1
IT165,IT,4,8,45,FAC5003,Monday,14:00,15:00,Class Room 1
TEXTILE485,TEXTILE,1,2,50,FAC5043,Tuesday,09:00,10:00,Class Room 1
IT497,IT,3,5,48,FAC5025,Tuesday,11:15,12:15,Class Room 1
TEXTILE155,TEXTILE,3,6,56,FAC5004,Tuesday,12:15,13:15,Class Room 1
IT253,IT,3,5,58,FAC5074,Tuesday,15:00,16:00,Class Room 1
EEE102,EEE,2,3,43,FAC5106,Wednesday,10:00,11:00,Class Room 1
AIDS326,AIDS,3,5,55,FAC5095,Wednesday,14:00,15:00,Class Room 1
CIVIL311,CIVIL,4,8,59,FAC5054,Wednesday,15:00,16:00,Class Room 1
ECE150,ECE,3,5,55,FAC5053,Wednesday,12:15,13:15,Class Room 1
EEE316,EEE,4,8,38,FAC5004,Thursday,14:00,15:00,Class Room 1
AIDS436,AIDS,3,6,54,FAC5107,Thursday,12:15,13:15,Class Room 1
AIDS220,AIDS,1,2,43,FAC5003,Thursday,15:00,16:00,Class Room 1
CIVIL140,CIVIL,3,6,43,FAC5094,Friday,11:15,12:15,Class Room 1
CIVIL382,CIVIL,3,6,40,FAC5034,Friday,14:00,15:00,Class Room 1
MECH476,MECH,2,4,48,FAC5124,Friday,10:00,11:00,Class Room 1
MECH271,MECH,3,5,51,FAC5122,Friday,09:00,10:00,Class Room 1
CSE382,CSE,4,8,55,FAC5119,Monday,15:00,16:00,ME304
ECE233,ECE,1,1,41,FAC5028,Monday,14:00,15:00,ME304
AIDS178,AIDS,1,2,39,FAC5132,Monday,11:15,12:15,ME304
MECH298,MECH,3,6,45,FAC5070,Tuesday,11:15,12:15,ME304
CIVIL101,CIVIL,2,3,54,FAC5009,Tuesday,14:00,15:00,ME304
AIDS490,AIDS,4,7,41,FAC5101,Tuesday,10:00,11:00,ME304
AIDS363,AIDS,3,6,47,FAC5119,Wednesday,12:15,13:15,ME304
CSE287,CSE,1,2,53,FAC5050,Wednesday,14:00,15:00,ME304
AIML118,AIML,1,2,47,FAC5005,Wednesday,10:00,11:00,ME304
EEE340,EEE,3,6,58,FAC5049,Wednesday,09:00,10:00,ME304
TEXTILE307,TEXTILE,3,5,58,FAC5010,Thursday,15:00,16:00,ME304
AIML281,AIML,1,2,57,FAC5116,Thursday,14:00,15:00,ME304
EEE108,EEE,3,5,42,FAC5065,Thursday,09:00,10:00,ME304
EEE414,EEE,4,7,44,FAC5037,Thursday,10:00,11:00,ME304
EEE240,EEE,4,7,51,FAC5008,Friday,09:00,10:00,ME304
CIVIL293,CIVIL,4,7,54,FAC5082,Friday,11:15,12:15,ME304
ECE166,ECE,3,5,57,FAC5014,Friday,15:00,16:00,ME304
CIVIL447,CIVIL,1,1,35,FAC5023,Friday,12:15,13:15,ME304
ECE490,ECE,1,1,40,FAC5002,Monday,14:00,15:00,WW 209
CIVIL371,CIVIL,2,4,58,FAC5051,Monday,11:15,12:15,WW 209
MECH411,MECH,3,6,45,FAC5014,Monday,15:00,16:00,WW 209
CIVIL454,CIVIL,4,8,57,FAC5031,Tuesday,10:00,11:00,WW 209
AIDS111,AIDS,3,6,58,FAC5053,Tuesday,12:15,13:15,WW 209
CIVIL376,CIVIL,4,8,45,FAC5001,Tuesday,15:00,16:00,WW 209
EEE249,EEE,1,1,43,FAC5033,Tuesday,11:15,12:15,WW 209
MECH110,MECH,4,7,49,FAC5104,Wednesday,09:00,10:00,WW 209
AIML316,AIML,1,1,56,FAC5006,Wednesday,15:00,16:00,WW 209
CIVIL255,CIVIL,4,8,58,FAC5026,Wednesday,10:00,11:00,WW 209
AIDS448,AIDS,2,4,43,FAC5021,Wednesday,14:00,15:00,WW 209
ECE142,ECE,1,1,39,FAC5031,Thursday,14:00,15:00,WW 209
AIDS258,AIDS,1,1,56,FAC5128,Thursday,09:00,10:00,WW 209
ECE225,ECE,4,7,54,FAC5075,Thursday,10:00,11:00,WW 209
CSE399,CSE,4,8,49,FAC5060,Thursday,12:15,13:15,WW 209
TEXTILE470,TEXTILE,3,6,40,FAC5022,Friday,15:00,16:00,WW 209
CSE164,CSE,2,4,44,FAC5079,Friday,09:00,10:00,WW 209
CSE407,CSE,2,3,55,FAC5098,Friday,14:00,15:00,WW 209
CSE117,CSE,4,8,59,FAC5018,Monday,11:15,12:15,EW 213
CSE202,CSE,4,7,42,FAC5028,Monday,12:15,13:15,EW 213
AIML476,AIML,3,5,42,FAC5061,Monday,14:00,15:00,EW 213
ECE287,ECE,2,3,40,FAC5024,Monday,09:00,10:00,EW 213
AIML212,AIML,2,4,45,FAC5114,Tuesday,10:00,11:00,EW 213
ECE135,ECE,4,8,54,FAC5021,Tuesday,14:00,15:00,EW 213
IT303,IT,2,4,38,FAC5015,Tuesday,15:00,16:00,EW 213
IT155,IT,3,5,48,FAC5025,Wednesday,12:15,13:15,EW 213
AIDS174,AIDS,4,7,50,FAC5120,Wednesday,09:00,10:00,EW 213
AIDS230,AIDS,2,4,52,FAC5024,Wednesday,11:15,12:15,EW 213
AIML273,AIML,3,5,37,FAC5048,Thursday,10:00,11:00,EW 213
MECH230,MECH,4,7,48,FAC5048,Thursday,15:00,16:00,EW 213
CIVIL141,CIVIL,3,5,46,FAC5084,Thursday,11:15,12:15,EW 213
CIVIL202,CIVIL,3,6,43,FAC5113,Friday,12:15,13:15,EW 213
CIVIL351,CIVIL,4,7,38,FAC5017,Friday,15:00,16:00,EW 213
AIDS391,AIDS,3,6,45,FAC5075,Friday,09:00,10:00,EW 213
AIDS281,AIDS,3,6,44,FAC5065,Monday,11:15,12:15,WW 111
CSE296,CSE,1,1,38,FAC5119,Monday,09:00,10:00,WW 111
IT472,IT,3,5,40,FAC5017,Monday,15:00,16:00,WW 111
CSE385,CSE,4,8,58,FAC5118,Monday,12:15,13:15,WW 111
AIML441,AIML,1,1,54,FAC5027,Tuesday,11:15,12:15,WW 111
AIDS448,AIDS,1,1,56,FAC5092,Tuesday,10:00,11:00,WW 111
EEE493,EEE,2,3,42,FAC5014,Tuesday,12:15,13:15,WW 111
AIML365,AIML,3,5,35,FAC5060,Tuesday,14:00,15:00,WW 111
EEE142,EEE,1,1,44,FAC5014,Wednesday,15:00,16:00,WW 111
TEXTILE397,TEXTILE,4,8,49,FAC5039,Wednesday,09:00,10:00,WW 111
AIDS102,AIDS,1,1,46,FAC5092,Wednesday,11:15,12:15,WW 111
IT255,IT,2,3,39,FAC5118,Thursday,12:15,13:15,WW 111
TEXTILE223,TEXTILE,4,7,53,FAC5120,Thursday,11:15,12:15,WW 111
AIML407,AIML,2,3,41,FAC5065,Thursday,15:00,16:00,WW 111
AIDS355,AIDS,3,5,41,FAC5093,Friday,14:00,15:00,WW 111
AIDS351,AIDS,4,7,52,FAC5130,Friday,11:15,12:15,WW 111
AIDS270,AIDS,1,1,55,FAC5119,Friday,09:00,10:00,WW 111
EEE229,EEE,3,6,44,FAC5093,Friday,10:00,11:00,WW 111
EEE147,EEE,2,4,60,FAC5098,Monday,15:00,16:00,EW 104
CSE186,CSE,4,8,53,FAC5019,Monday,11:15,12:15,EW 104
AIML215,AIML,4,7,36,FAC5002,Monday,12:15,13:15,EW 104
ECE457,ECE,3,6,50,FAC5062,Tuesday,14:00,15:00,EW 104
IT488,IT,3,5,60,FAC5013,Tuesday,12:15,13:15,EW 104
AIDS434,AIDS,2,4,42,FAC5030,Tuesday,09:00,10:00,EW 104
IT434,IT,2,4,42,FAC5096,Wednesday,10:00,11:00,EW 104
AIDS311,AIDS,3,6,46,FAC5051,Wednesday,14:00,15:00,EW 104
IT357,IT,3,6,58,FAC5050,Wednesday,12:15,13:15,EW 104
CSE110,CSE,1,2,45,FAC5070,Thursday,11:15,12:15,EW 104
IT379,IT,1,2,52,FAC5020,Thursday,10:00,11:00,EW 104
MECH396,MECH,3,6,56,FAC5071,Thursday,12:15,13:15,EW 104
MECH138,MECH,4,7,54,FAC5024,Friday,15:00,16:00,EW 104
TEXTILE133,TEXTILE,3,5,52,FAC5091,Friday,09:00,10:00,EW 104
IT147,IT,1,1,52,FAC5120,Friday,11:15,12:15,EW 104
AIDS118,AIDS,4,8,44,FAC5129,Friday,14:00,15:00,EW 104
CIVIL216,CIVIL,4,7,58,FAC5089,Monday,11:15,12:15,ME206
AIML150,AIML,4,8,59,FAC5053,Monday,12:15,13:15,ME206
EEE321,EEE,4,8,36,FAC5110,Monday,09:00,10:00,ME206
EEE168,EEE,2,3,37,FAC5005,Tuesday,10:00,11:00,ME206
TEXTILE345,TEXTILE,1,1,36,FAC5004,Tuesday,09:00,10:00,ME206
EEE141,EEE,1,1,51,FAC5119,Tuesday,11:15,12:15,ME206
AIDS327,AIDS,1,2,50,FAC5033,Tuesday,14:00,15:00,ME206
ECE401,ECE,2,4,39,FAC5016,Wednesday,14:00,15:00,ME206
MECH349,MECH,1,2,43,FAC5088,Wednesday,11:15,12:15,ME206
EEE396,EEE,2,3,37,FAC5067,Wednesday,15:00,16:00,ME206
CIVIL342,CIVIL,3,5,59,FAC5120,Thursday,14:00,15:00,ME206
MECH215,MECH,2,4,55,FAC5026,Thursday,11:15,12:15,ME206
CIVIL102,CIVIL,3,6,49,FAC5094,Thursday,09:00,10:00,ME206
CIVIL252,CIVIL,4,8,38,FAC5030,Thursday,15:00,16:00,ME206
MECH436,MECH,1,2,35,FAC5021,Friday,09:00,10:00,ME206
IT323,IT,3,6,52,FAC5080,Friday,14:00,15:00,ME206
AIML323,AIML,2,3,43,FAC5098,Friday,10:00,11:00,ME206
AIDS331,AIDS,4,7,45,FAC5021,Monday,15:00,16:00,EW 211
TEXTILE400,TEXTILE,2,4,43,FAC5095,Monday,11:15,12:15,EW 211
IT227,IT,1,1,43,FAC5121,Monday,14:00,15:00,EW 211
CIVIL212,CIVIL,4,7,51,FAC5104,Monday,09:00,10:00,EW 211
CSE269,CSE,2,3,60,FAC5115,Tuesday,11:15,12:15,EW 211
IT326,IT,3,6,48,FAC5104,Tuesday,15:00,16:00,EW 211
CSE473,CSE,4,8,59,FAC5089,Tuesday,12:15,13:15,EW 211
AIML392,AIML,2,4,52,FAC5073,Tuesday,10:00,11:00,EW 211
CSE128,CSE,1,1,54,FAC5057,Wednesday,11:15,12:15,EW 211
AIDS281,AIDS,1,2,52,FAC5052,Wednesday,09:00,10:00,EW 211
IT286,IT,1,1,46,FAC5060,Wednesday,10:00,11:00,EW 211
TEXTILE136,TEXTILE,4,7,50,FAC5006,Wednesday,15:00,16:00,EW 211
ECE287,ECE,4,7,47,FAC5066,Thursday,11:15,12:15,EW 211
AIDS473,AIDS,3,5,48,FAC5127,Thursday,12:15,13:15,EW 211
MECH159,MECH,2,4,50,FAC5121,Thursday,14:00,15:00,EW 211
EEE341,EEE,4,8,60,FAC5059,Friday,09:00,10:00,EW 211
AIML181,AIML,4,7,59,FAC5128,Friday,15:00,16:00,EW 211
AIDS167,AIDS,3,6,56,FAC5100,Friday,12:15,13:15,EW 211
CIVIL200,CIVIL,3,5,41,FAC5123,Monday,12:15,13:15,ME203
TEXTILE355,TEXTILE,3,5,52,FAC5005,Monday,10:00,11:00,ME203
AIML256,AIML,1,1,47,FAC5110,Monday,09:00,10:00,ME203
AIML443,AIML,3,5,48,FAC5009,Monday,14:00,15:00,ME203
EEE233,EEE,4,8,40,FAC5066,Tuesday,12:15,13:15,ME203
EEE415,EEE,4,7,40,FAC5084,Tuesday,11:15,12:15,ME203
ECE378,ECE,3,5,59,FAC5123,Tuesday,10:00,11:00,ME203
MECH305,MECH,4,8,53,FAC5003,Tuesday,09:00,10:00,ME203
EEE428,EEE,2,4,59,FAC5098,Wednesday,12:15,13:15,ME203
AIML405,AIML,1,1,40,FAC5006,Wednesday,10:00,11:00,ME203
ECE444,ECE,4,8,41,FAC5010,Wednesday,14:00,15:00,ME203
CSE111,CSE,3,5,56,FAC5051,Thursday,11:15,12:15,ME203
CIVIL389,CIVIL,3,5,45,FAC5001,Thursday,15:00,16:00,ME203
IT394,IT,1,2,39,FAC5046,Thursday,12:15,13:15,ME203
TEXTILE363,TEXTILE,4,7,59,FAC5019,Friday,09:00,10:00,ME203
CIVIL306,CIVIL,2,3,39,FAC5063,Friday,12:15,13:15,ME203
ECE278,ECE,1,1,44,FAC5047,Friday,15:00,16:00,ME203
CIVIL428,CIVIL,4,8,42,FAC5014,Friday,10:00,11:00,ME203
AIML265,AIML,1,1,57,FAC5067,Monday,10:00,11:00,MH301
AIDS255,AIDS,3,6,42,FAC5010,Monday,11:15,12:15,MH301
TEXTILE279,TEXTILE,2,3,39,FAC5040,Monday,15:00,16:00,MH301
AIDS392,AIDS,1,1,57,FAC5128,Monday,12:15,13:15,MH301
AIDS323,AIDS,3,6,52,FAC5097,Tuesday,11:15,12:15,MH301
CSE330,CSE,3,5,42,FAC5009,Tuesday,10:00,11:00,MH301
CSE362,CSE,4,7,51,FAC5119,Tuesday,09:00,10:00,MH301
AIDS390,AIDS,1,2,37,FAC5092,Wednesday,12:15,13:15,MH301
TEXTILE130,TEXTILE,4,8,57,FAC5075,Wednesday,15:00,16:00,MH301
ECE263,ECE,2,4,42,FAC5078,Wednesday,11:15,12:15,MH301
ECE330,ECE,1,2,42,FAC5120,Thursday,10:00,11:00,MH301
AIML132,AIML,1,1,37,FAC5113,Thursday,12:15,13:15,MH301
AIDS190,AIDS,3,6,40,FAC5043,Thursday,11:15,12:15,MH301
CIVIL196,CIVIL,1,2,45,FAC5118,Friday,14:00,15:00,MH301
TEXTILE225,TEXTILE,1,1,54,FAC5077,Friday,11:15,12:15,MH301
AIML287,AIML,2,3,60,FAC5106,Friday,10:00,11:00,MH301
CSE428,CSE,4,8,58,FAC5096,Friday,12:15,13:15,MH301
CSE134,CSE,2,4,35,FAC5011,Monday,15:00,16:00,EW 218
ECE283,ECE,1,1,37,FAC5126,Monday,14:00,15:00,EW 218
AIML253,AIML,4,7,54,FAC5124,Monday,10:00,11:00,EW 218
EEE444,EEE,4,8,37,FAC5112,Monday,12:15,13:15,EW 218
AIML284,AIML,4,7,59,FAC5053,Tuesday,12:15,13:15,EW 218
MECH131,MECH,1,2,56,FAC5063,Tuesday,14:00,15:00,EW 218
ECE189,ECE,3,6,49,FAC5133,Tuesday,10:00,11:00,EW 218
EEE333,EEE,3,6,43,FAC5123,Wednesday,12:15,13:15,EW 218
CSE158,CSE,3,5,60,FAC5005,Wednesday,15:00,16:00,EW 218
ECE368,ECE,1,1,35,FAC5059,Wednesday,09:00,10:00,EW 218
MECH480,MECH,3,5,49,FAC5037,Wednesday,14:00,15:00,EW 218
AIDS425,AIDS,3,6,35,FAC5102,Thursday,14:00,15:00,EW 218
AIDS167,AIDS,3,6,46,FAC5120,Thursday,10:00,11:00,EW 218
EEE245,EEE,2,4,35,FAC5017,Thursday,15:00,16:00,EW 218
EEE420,EEE,1,1,57,FAC5062,Friday,15:00,16:00,EW 218
EEE348,EEE,3,6,57,FAC5099,Friday,09:00,10:00,EW 218
AIML169,AIML,3,5,56,FAC5016,Friday,12:15,13:15,EW 218
MECH257,MECH,2,3,41,FAC5056,Friday,14:00,15:00,EW 218
CSE227,CSE,2,3,48,FAC5111,Monday,09:00,10:00,WW 113
CSE246,CSE,2,3,48,FAC5120,Monday,14:00,15:00,WW 113
TEXTILE301,TEXTILE,4,7,59,FAC5088,Monday,11:15,12:15,WW 113
IT149,IT,1,2,40,FAC5134,Tuesday,11:15,12:15,WW 113
CIVIL299,CIVIL,1,2,42,FAC5018,Tuesday,10:00,11:00,WW 113
EEE424,EEE,4,8,56,FAC5077,Tuesday,09:00,10:00,WW 113
AIDS443,AIDS,3,5,49,FAC5075,Wednesday,15:00,16:00,WW 113
AIDS345,AIDS,4,7,48,FAC5014,Wednesday,11:15,12:15,WW 113
CIVIL256,CIVIL,2,4,49,FAC5046,Wednesday,09:00,10:00,WW 113
ECE123,ECE,4,8,54,FAC5033,Thursday,15:00,16:00,WW 113
AIML405,AIML,3,6,53,FAC5035,Thursday,11:15,12:15,WW 113
AIML445,AIML,4,8,60,FAC5132,Thursday,09:00,10:00,WW 113
CIVIL391,CIVIL,2,3,50,FAC5014,Thursday,10:00,11:00,WW 113
TEXTILE427,TEXTILE,1,2,57,FAC5067,Friday,14:00,15:00,WW 113
EEE499,EEE,1,1,36,FAC5080,Friday,10:00,11:00,WW 113
CIVIL182,CIVIL,2,4,37,FAC5018,Friday,12:15,13:15,WW 113
TEXTILE369,TEXTILE,3,5,55,FAC5007,Monday,09:00,10:00,ME108
AIML494,AIML,3,5,42,FAC5105,Monday,10:00,11:00,ME108
MECH267,MECH,3,6,56,FAC5029,Monday,12:15,13:15,ME108
IT335,IT,2,4,39,FAC5042,Monday,11:15,12:15,ME108
CSE241,CSE,2,4,55,FAC5051,Tuesday,10:00,11:00,ME108
AIML237,AIML,2,4,50,FAC5061,Tuesday,14:00,15:00,ME108
CSE218,CSE,2,4,53,FAC5062,Tuesday,09:00,10:00,ME108
MECH336,MECH,3,6,53,FAC5052,Tuesday,11:15,12:15,ME108
AIDS249,AIDS,1,2,44,FAC5067,Wednesday,14:00,15:00,ME108
CSE207,CSE,1,2,53,FAC5109,Wednesday,15:00,16:00,ME108
EEE428,EEE,1,1,60,FAC5049,Wednesday,10:00,11:00,ME108
TEXTILE320,TEXTILE,4,7,35,FAC5082,Wednesday,09:00,10:00,ME108
AIDS405,AIDS,2,3,45,FAC5133,Thursday,09:00,10:00,ME108
MECH355,MECH,2,3,50,FAC5095,Thursday,10:00,11:00,ME108
IT425,IT,4,7,35,FAC5060,Thursday,15:00,16:00,ME108
ECE216,ECE,3,5,55,FAC5053,Friday,10:00,11:00,ME108
AIDS141,AIDS,2,3,43,FAC5111,Friday,11:15,12:15,ME108
EEE421,EEE,2,3,42,FAC5059,Friday,09:00,10:00,ME108
AIDS466,AIDS,2,4,45,FAC5039,Monday,11:15,12:15,WW 104
EEE343,EEE,2,3,45,FAC5076,Monday,12:15,13:15,WW 104
MECH430,MECH,4,8,55,FAC5119,Monday,09:00,10:00,WW 104
TEXTILE289,TEXTILE,3,5,38,FAC5134,Monday,15:00,16:00,WW 104
AIML344,AIML,2,3,48,FAC5119,Tuesday,11:15,12:15,WW 104
CIVIL426,CIVIL,1,2,56,FAC5103,Tuesday,14:00,15:00,WW 104
MECH180,MECH,3,5,47,FAC5041,Tuesday,15:00,16:00,WW 104
CIVIL314,CIVIL,4,7,57,FAC5015,Tuesday,09:00,10:00,WW 104
TEXTILE119,TEXTILE,2,3,44,FAC5067,Wednesday,11:15,12:15,WW 104
EEE301,EEE,3,5,41,FAC5006,Wednesday,12:15,13:15,WW 104
CIVIL179,CIVIL,2,3,42,FAC5030,Wednesday,10:00,11:00,WW 104
MECH407,MECH,1,1,38,FAC5098,Thursday,10:00,11:00,WW 104
MECH180,MECH,3,6,36,FAC5075,Thursday,11:15,12:15,WW 104
AIML249,AIML,1,1,50,FAC5121,Thursday,14:00,15:00,WW 104
EEE161,EEE,2,4,59,FAC5004,Thursday,09:00,10:00,WW 104
ECE325,ECE,4,8,59,FAC5103,Friday,15:00,16:00,WW 104
CSE419,CSE,4,7,46,FAC5061,Friday,14:00,15:00,WW 104
ECE324,ECE,1,1,56,FAC5111,Friday,12:15,13:15,WW 104
CIVIL310,CIVIL,2,4,52,FAC5039,Friday,10:00,11:00,WW 104
MECH214,MECH,1,2,58,FAC5094,Monday,10:00,11:00,WW 115
TEXTILE170,TEXTILE,4,8,38,FAC5057,Monday,15:00,16:00,WW 115
EEE294,EEE,3,5,48,FAC5083,Monday,12:15,13:15,WW 115
EEE454,EEE,4,7,36,FAC5088,Tuesday,12:15,13:15,WW 115
ECE373,ECE,2,4,51,FAC5012,Tuesday,11:15,12:15,WW 115
TEXTILE412,TEXTILE,2,3,46,FAC5097,Tuesday,15:00,16:00,WW 115
MECH156,MECH,3,5,42,FAC5088,Wednesday,12:15,13:15,WW 115
MECH429,MECH,4,7,52,FAC5119,Wednesday,11:15,12:15,WW 115
MECH376,MECH,2,3,59,FAC5129,Wednesday,09:00,10:00,WW 115
MECH290,MECH,2,3,57,FAC5019,Thursday,14:00,15:00,WW 115
ECE229,ECE,2,4,46,FAC5035,Thursday,10:00,11:00,WW 115
AIML400,AIML,1,1,40,FAC5088,Thursday,12:15,13:15,WW 115
CIVIL233,CIVIL,1,1,48,FAC5051,Thursday,15:00,16:00,WW 115
AIDS372,AIDS,4,8,53,FAC5007,Friday,14:00,15:00,WW 115
ECE390,ECE,2,4,43,FAC5007,Friday,10:00,11:00,WW 115
EEE241,EEE,4,7,44,FAC5121,Friday,12:15,13:15,WW 115
AIDS218,AIDS,3,6,54,FAC5028,Monday,09:00,10:00,AE302
AIDS367,AIDS,1,1,50,FAC5044,Monday,12:15,13:15,AE302
MECH481,MECH,1,2,35,FAC5106,Monday,11:15,12:15,AE302
TEXTILE281,TEXTILE,2,3,60,FAC5062,Tuesday,11:15,12:15,AE302
AIDS384,AIDS,2,3,49,FAC5081,Tuesday,15:00,16:00,AE302
CSE318,CSE,3,5,43,FAC5111,Tuesday,09:00,10:00,AE302
TEXTILE370,TEXTILE,4,7,55,FAC5074,Tuesday,10:00,11:00,AE302
AIDS323,AIDS,4,7,41,FAC5036,Wednesday,15:00,16:00,AE302
AIDS276,AIDS,3,6,39,FAC5102,Wednesday,11:15,12:15,AE302
AIDS176,AIDS,1,1,38,FAC5131,Wednesday,14:00,15:00,AE302
ECE303,ECE,3,5,43,FAC5063,Wednesday,12:15,13:15,AE302
CSE326,CSE,2,4,36,FAC5085,Thursday,12:15,13:15,AE302
AIML311,AIML,4,7,45,FAC5129,Thursday,10:00,11:00,AE302
AIML133,AIML,1,2,52,FAC5131,Thursday,09:00,10:00,AE302
EEE374,EEE,1,2,56,FAC5090,Friday,15:00,16:00,AE302
TEXTILE263,TEXTILE,1,2,38,FAC5030,Friday,10:00,11:00,AE302
AIML315,AIML,1,1,56,FAC5113,Friday,14:00,15:00,AE302
ECE375,ECE,3,6,54,FAC5102,Monday,12:15,13:15,WW 219
EEE426,EEE,3,6,43,FAC5045,Monday,09:00,10:00,WW 219
CIVIL330,CIVIL,2,3,53,FAC5055,Monday,14:00,15:00,WW 219
MECH297,MECH,4,7,39,FAC5105,Tuesday,11:15,12:15,WW 219
CIVIL278,CIVIL,4,7,39,FAC5074,Tuesday,14:00,15:00,WW 219
AIML456,AIML,3,6,60,FAC5070,Tuesday,10:00,11:00,WW 219
ECE158,ECE,2,3,44,FAC5119,Wednesday,09:00,10:00,WW 219
AIML408,AIML,3,5,48,FAC5077,Wednesday,12:15,13:15,WW 219
CIVIL260,CIVIL,2,3,44,FAC5101,Wednesday,10:00,11:00,WW 219
CIVIL243,CIVIL,2,4,59,FAC5016,Thursday,10:00,11:00,WW 219
AIML308,AIML,4,8,53,FAC5043,Thursday,11:15,12:15,WW 219
ECE280,ECE,1,2,56,FAC5018,Thursday,14:00,15:00,WW 219
MECH196,MECH,1,2,51,FAC5009,Thursday,12:15,13:15,WW 219
CIVIL181,CIVIL,1,1,36,FAC5099,Friday,15:00,16:00,WW 219
MECH491,MECH,1,2,40,FAC5047,Friday,12:15,13:15,WW 219
EEE242,EEE,1,2,49,FAC5068,Friday,09:00,10:00,WW 219
EEE446,EEE,2,4,60,FAC5050,Friday,14:00,15:00,WW 219
CSE450,CSE,2,3,45,FAC5098,Monday,12:15,13:15,EW 117
CIVIL329,CIVIL,3,6,39,FAC5129,Monday,11:15,12:15,EW 117
AIDS395,AIDS,3,5,60,FAC5063,Monday,14:00,15:00,EW 117
CSE265,CSE,3,5,44,FAC5087,Tuesday,09:00,10:00,EW 117
AIDS482,AIDS,1,2,39,FAC5079,Tuesday,15:00,16:00,EW 117
AIML173,AIML,2,4,36,FAC5104,Tuesday,14:00,15:00,EW 117
AIML283,AIML,1,1,37,FAC5010,Wednesday,14:00,15:00,EW 117
IT272,IT,4,7,47,FAC5113,Wednesday,11:15,12:15,EW 117
AIDS416,AIDS,1,2,58,FAC5121,Wednesday,09:00,10:00,EW 117
ECE203,ECE,4,8,56,FAC5118,Thursday,15:00,16:00,EW 117
CIVIL100,CIVIL,1,2,36,FAC5104,Thursday,09:00,10:00,EW 117
TEXTILE497,TEXTILE,4,8,42,FAC5122,Thursday,10:00,11:00,EW 117
AIML275,AIML,1,1,57,FAC5118,Friday,09:00,10:00,EW 117
EEE407,EEE,1,1,47,FAC5031,Friday,10:00,11:00,EW 117
ECE423,ECE,3,5,50,FAC5022,Friday,15:00,16:00,EW 117
EEE249,EEE,3,5,40,FAC5013,Friday,14:00,15:00,EW 117
IT178,IT,2,3,49,FAC5093,Monday,12:15,13:15,WW 214
TEXTILE298,TEXTILE,2,3,36,FAC5065,Monday,15:00,16:00,WW 214
EEE141,EEE,1,1,50,FAC5045,Monday,14:00,15:00,WW 214
TEXTILE423,TEXTILE,4,7,55,FAC5056,Monday,10:00,11:00,WW 214
MECH468,MECH,3,6,47,FAC5132,Tuesday,15:00,16:00,WW 214
ECE126,ECE,3,6,54,FAC5038,Tuesday,09:00,10:00,WW 214
AIML189,AIML,4,7,37,FAC5089,Tuesday,14:00,15:00,WW 214
CIVIL116,CIVIL,3,6,53,FAC5012,Tuesday,10:00,11:00,WW 214
CSE408,CSE,4,7,49,FAC5075,Wednesday,10:00,11:00,WW 214
CSE401,CSE,1,2,43,FAC5003,Wednesday,15:00,16:00,WW 214
AIDS292,AIDS,2,4,57,FAC5029,Wednesday,09:00,10:00,WW 214
MECH474,MECH,3,6,47,FAC5044,Thursday,14:00,15:00,WW 214
CSE196,CSE,1,2,39,FAC5044,Thursday,11:15,12:15,WW 214
MECH486,MECH,1,2,48,FAC5061,Thursday,12:15,13:15,WW 214
CSE129,CSE,3,6,50,FAC5046,Friday,15:00,16:00,WW 214
AIML484,AIML,1,1,53,FAC5090,Friday,11:15,12:15,WW 214
CSE100,CSE,1,1,39,FAC5040,Friday,12:15,13:15,WW 214
EEE109,EEE,3,5,54,FAC5105,Monday,14:00,15:00,ME004
ECE294,ECE,3,5,47,FAC5069,Monday,09:00,10:00,ME004
TEXTILE171,TEXTILE,2,3,45,FAC5037,Monday,11:15,12:15,ME004
MECH236,MECH,3,5,48,FAC5121,Tuesday,09:00,10:00,ME004
IT356,IT,3,6,36,FAC5101,Tuesday,14:00,15:00,ME004
MECH123,MECH,2,4,51,FAC5129,Tuesday,11:15,12:15,ME004
AIML386,AIML,4,7,55,FAC5088,Tuesday,15:00,16:00,ME004
CIVIL373,CIVIL,4,7,43,FAC5076,Wednesday,09:00,10:00,ME004
CSE447,CSE,2,3,49,FAC5057,Wednesday,12:15,13:15,ME004
AIDS390,AIDS,3,5,58,FAC5094,Wednesday,15:00,16:00,ME004
AIDS405,AIDS,1,2,51,FAC5121,Thursday,15:00,16:00,ME004
MECH146,MECH,4,7,56,FAC5047,Thursday,12:15,13:15,ME004
MECH124,MECH,2,3,48,FAC5010,Thursday,10:00,11:00,ME004
EEE254,EEE,2,3,41,FAC5069,Thursday,14:00,15:00,ME004
EEE393,EEE,1,2,59,FAC5082,Friday,12:15,13:15,ME004
ECE199,ECE,1,2,48,FAC5101,Friday,14:00,15:00,ME004
AIDS438,AIDS,1,1,38,FAC5008,Friday,09:00,10:00,ME004
TEXTILE197,TEXTILE,3,5,35,FAC5109,Monday,11:15,12:15,EW 206
CIVIL118,CIVIL,2,4,55,FAC5019,Monday,12:15,13:15,EW 206
TEXTILE395,TEXTILE,3,6,59,FAC5130,Monday,14:00,15:00,EW 206
TEXTILE172,TEXTILE,1,1,56,FAC5068,Monday,09:00,10:00,EW 206
MECH355,MECH,2,4,43,FAC5097,Tuesday,15:00,16:00,EW 206
AIDS253,AIDS,2,4,48,FAC5105,Tuesday,10:00,11:00,EW 206
MECH265,MECH,3,6,43,FAC5037,Tuesday,11:15,12:15,EW 206
TEXTILE419,TEXTILE,1,2,43,FAC5078,Tuesday,14:00,15:00,EW 206
AIML194,AIML,3,6,53,FAC5134,Wednesday,11:15,12:15,EW 206
CSE143,CSE,4,8,57,FAC5101,Wednesday,10:00,11:00,EW 206
CSE211,CSE,3,6,46,FAC5046,Wednesday,15:00,16:00,EW 206
TEXTILE459,TEXTILE,2,4,54,FAC5116,Wednesday,12:15,13:15,EW 206
CIVIL115,CIVIL,1,2,51,FAC5116,Thursday,14:00,15:00,EW 206
EEE145,EEE,4,8,59,FAC5051,Thursday,15:00,16:00,EW 206
TEXTILE419,TEXTILE,4,7,42,FAC5026,Thursday,12:15,13:15,EW 206
CSE238,CSE,2,4,38,FAC5063,Thursday,11:15,12:15,EW 206
IT338,IT,4,8,50,FAC5080,Friday,10:00,11:00,EW 206
ECE255,ECE,2,4,35,FAC5042,Friday,12:15,13:15,EW 206
CIVIL237,CIVIL,3,5,53,FAC5126,Friday,11:15,12:15,EW 206
EEE432,EEE,2,3,54,FAC5017,Monday,14:00,15:00,WW 226
EEE250,EEE,4,7,42,FAC5099,Monday,10:00,11:00,WW 226
AIML161,AIML,2,3,43,FAC5044,Monday,11:15,12:15,WW 226
CSE211,CSE,1,2,35,FAC5106,Tuesday,12:15,13:15,WW 226
EEE393,EEE,4,7,43,FAC5069,Tuesday,10:00,11:00,WW 226
AIML227,AIML,2,3,44,FAC5066,Tuesday,14:00,15:00,WW 226
MECH370,MECH,2,3,38,FAC5013,Wednesday,12:15,13:15,WW 226
TEXTILE430,TEXTILE,3,5,42,FAC5111,Wednesday,14:00,15:00,WW 226
AIML132,AIML,4,7,45,FAC5055,Wednesday,15:00,16:00,WW 226
TEXTILE351,TEXTILE,1,1,56,FAC5121,Thursday,15:00,16:00,WW 226
MECH411,MECH,4,7,49,FAC5095,Thursday,14:00,15:00,WW 226
CSE478,CSE,2,4,36,FAC5064,Thursday,12:15,13:15,WW 226
AIDS285,AIDS,3,5,53,FAC5081,Thursday,11:15,12:15,WW 226
CSE389,CSE,2,4,50,FAC5096,Friday,15:00,16:00,WW 226
CIVIL388,CIVIL,2,4,58,FAC5041,Friday,11:15,12:15,WW 226
EEE462,EEE,4,8,51,FAC5042,Friday,10:00,11:00,WW 226
IT199,IT,2,4,36,FAC5008,Monday,15:00,16:00,WW 003
AIDS222,AIDS,1,2,48,FAC5059,Monday,12:15,13:15,WW 003
IT316,IT,4,8,50,FAC5011,Monday,14:00,15:00,WW 003
MECH163,MECH,1,2,57,FAC5030,Monday,09:00,10:00,WW 003
AIML144,AIML,1,2,49,FAC5109,Tuesday,09:00,10:00,WW 003
AIML426,AIML,3,6,38,FAC5030,Tuesday,10:00,11:00,WW 003
TEXTILE253,TEXTILE,4,8,49,FAC5123,Tuesday,11:15,12:15,WW 003
ECE460,ECE,1,2,52,FAC5017,Tuesday,12:15,13:15,WW 003
IT267,IT,4,8,54,FAC5087,Wednesday,14:00,15:00,WW 003
ECE467,ECE,1,2,37,FAC5067,Wednesday,10:00,11:00,WW 003
EEE213,EEE,3,5,57,FAC5072,Wednesday,15:00,16:00,WW 003
MECH204,MECH,4,8,45,FAC5007,Thursday,15:00,16:00,WW 003
ECE270,ECE,4,8,36,FAC5133,Thursday,09:00,10:00,WW 003
EEE459,EEE,4,7,50,FAC5018,Thursday,10:00,11:00,WW 003
TEXTILE161,TEXTILE,3,5,52,FAC5013,Thursday,11:15,12:15,WW 003
TEXTILE169,TEXTILE,3,5,40,FAC5120,Friday,12:15,13:15,WW 003
CIVIL386,CIVIL,3,6,54,FAC5046,Friday,09:00,10:00,WW 003
CSE268,CSE,3,6,48,FAC5059,Friday,11:15,12:15,WW 003
CSE250,CSE,1,2,59,FAC5001,Friday,10:00,11:00,WW 003
AIDS290,AIDS,2,3,50,FAC5080,Monday,12:15,13:15,SF 202
CIVIL404,CIVIL,3,5,50,FAC5063,Monday,11:15,12:15,SF 202
ECE389,ECE,4,7,57,FAC5100,Monday,15:00,16:00,SF 202
TEXTILE228,TEXTILE,1,2,50,FAC5045,Monday,14:00,15:00,SF 202
AIML386,AIML,3,5,47,FAC5065,Tuesday,15:00,16:00,SF 202
AIDS348,AIDS,1,1,52,FAC5057,Tuesday,10:00,11:00,SF 202
EEE278,EEE,2,3,53,FAC5076,Tuesday,11:15,12:15,SF 202
ECE309,ECE,1,2,53,FAC5118,Wednesday,11:15,12:15,SF 202
TEXTILE451,TEXTILE,1,2,46,FAC5102,Wednesday,12:15,13:15,SF 202
AIML447,AIML,1,2,58,FAC5036,Wednesday,15:00,16:00,SF 202
ECE329,ECE,1,1,38,FAC5026,Thursday,14:00,15:00,SF 202
MECH368,MECH,1,2,43,FAC5056,Thursday,11:15,12:15,SF 202
MECH446,MECH,4,7,46,FAC5052,Thursday,09:00,10:00,SF 202
MECH223,MECH,4,8,35,FAC5005,Friday,14:00,15:00,SF 202
IT184,IT,4,7,46,FAC5133,Friday,12:15,13:15,SF 202
EEE219,EEE,1,1,40,FAC5016,Friday,11:15,12:15,SF 202
CSE376,CSE,2,3,48,FAC5134,Friday,15:00,16:00,SF 202
AIML256,AIML,1,1,36,FAC5117,Monday,09:00,10:00,EW 108
IT387,IT,4,8,39,FAC5119,Monday,12:15,13:15,EW 108
AIML230,AIML,3,6,43,FAC5073,Monday,14:00,15:00,EW 108
MECH113,MECH,1,1,44,FAC5017,Monday,11:15,12:15,EW 108
AIDS371,AIDS,3,6,55,FAC5097,Tuesday,14:00,15:00,EW 108
AIDS205,AIDS,3,6,56,FAC5010,Tuesday,12:15,13:15,EW 108
EEE109,EEE,1,2,36,FAC5116,Tuesday,15:00,16:00,EW 108
MECH441,MECH,1,2,45,FAC5068,Tuesday,11:15,12:15,EW 108
TEXTILE238,TEXTILE,3,5,46,FAC5051,Wednesday,14:00,15:00,EW 108
AIDS237,AIDS,4,8,47,FAC5127,Wednesday,11:15,12:15,EW 108
AIDS453,AIDS,2,4,44,FAC5018,Wednesday,09:00,10:00,EW 108
CSE491,CSE,2,3,45,FAC5109,Thursday,15:00,16:00,EW 108
AIDS478,AIDS,3,6,39,FAC5047,Thursday,09:00,10:00,EW 108
CSE416,CSE,2,3,58,FAC5038,Thursday,12:15,13:15,EW 108
AIDS227,AIDS,4,7,53,FAC5021,Friday,09:00,10:00,EW 108
CIVIL425,CIVIL,3,6,58,FAC5073,Friday,11:15,12:15,EW 108
CSE388,CSE,4,7,41,FAC5010,Friday,14:00,15:00,EW 108
AIML406,AIML,4,8,39,FAC5057,Monday,12:15,13:15,WW 215
ECE496,ECE,2,3,38,FAC5069,Monday,14:00,15:00,WW 215
MECH304,MECH,1,2,58,FAC5096,Monday,15:00,16:00,WW 215
MECH257,MECH,1,2,48,FAC5013,Tuesday,09:00,10:00,WW 215
IT134,IT,3,6,37,FAC5124,Tuesday,12:15,13:15,WW 215
IT395,IT,4,7,42,FAC5031,Tuesday,15:00,16:00,WW 215
ECE180,ECE,2,3,47,FAC5001,Tuesday,14:00,15:00,WW 215
CSE108,CSE,1,1,39,FAC5131,Wednesday,11:15,12:15,WW 215
MECH488,MECH,3,5,54,FAC5118,Wednesday,12:15,13:15,WW 215
AIML299,AIML,1,2,60,FAC5048,Wednesday,14:00,15:00,WW 215
AIML413,AIML,2,3,57,FAC5068,Wednesday,09:00,10:00,WW 215
ECE158,ECE,1,1,59,FAC5064,Thursday,15:00,16:00,WW 215
CIVIL287,CIVIL,3,5,50,FAC5087,Thursday,14:00,15:00,WW 215
AIDS371,AIDS,1,1,39,FAC5087,Thursday,11:15,12:15,WW 215
TEXTILE488,TEXTILE,1,2,48,FAC5099,Friday,12:15,13:15,WW 215
MECH193,MECH,1,1,55,FAC5009,Friday,15:00,16:00,WW 215
IT232,IT,4,7,49,FAC5007,Friday,09:00,10:00,WW 215
TEXTILE327,TEXTILE,1,2,59,FAC5044,Friday,14:00,15:00,WW 215
